qunqnnfc,1927,1,SDH,FS,39,18,29,16,zuw,adq,ZAT,89,120,21,28,455,776,81561,5456,6,447,efl,tri,JGA
qunqnnfc,1928,1,SDH,FS,21,26,129,4,pyr,gbx,KKU,61,82,122,51,186,3088,82521,2006,58,463,joz,oxe,EKY
qunqnnfc,1929,1,SDH,FS,24,26,13,86,zgz,alf,TAA,30,42,134,35,41,4615,67439,8480,38,131,jdt,ivu,NTB
qunqnnfc,1930,1,SDH,FS,98,87,68,57,azd,xig,LEU,61,79,79,26,37,4126,77296,6427,14,84,uey,xns,ZYY
qunqnnfc,1931,1,SDH,FS,109,120,88,73,mpl,xgi,TAI,20,6,101,11,218,10078,75480,8305,55,165,duc,vzl,LSI
qunqnnfc,1932,1,SDH,FS,116,116,142,97,ryt,ugp,ZWX,4,1,139,49,66,8522,46121,4594,54,31,ioy,ftk,DYU
qunqnnfc,1933,1,SDH,FS,116,53,68,60,hiy,lzk,BHH,60,23,134,44,266,9833,33987,8381,5,379,cjx,khl,CXG
qunqnnfc,1934,1,SDH,FS,92,93,106,46,rhm,mqr,SAG,19,9,30,0,267,5418,4485,2317,13,464,shg,kuy,NFZ
qunqnnfc,1935,1,SDH,FS,99,88,149,17,wse,hrc,TXY,14,76,34,45,399,7555,49222,5245,52,364,bjl,mrn,QJX
xsqbyvic,1956,1,SCU,ES,123,77,58,53,zzx,cyr,JGY,122,65,28,16,229,11986,39621,4948,15,197,pxf,enx,TAC
xsqbyvic,1957,1,SCU,ES,24,51,149,21,qhf,job,UNR,71,5,79,55,37,3177,77208,4946,45,371,tbs,mtn,IGD
xsqbyvic,1958,1,SCU,ES,49,106,27,67,xaf,obt,DVN,74,3,104,50,160,3833,34001,3778,7,400,tew,tew,GLM
xsqbyvic,1959,1,SCU,ES,23,5,121,39,kfw,zhi,EFQ,15,69,50,23,133,4579,45246,1587,14,453,fpw,gqh,YFP
xsqbyvic,1960,1,SCU,ES,74,83,33,100,jqd,imn,XYJ,44,9,129,46,191,2189,28528,1526,3,37,vyf,gwc,QII
xsqbyvic,1961,1,SCU,ES,42,63,91,67,nxu,jmp,VRR,33,116,100,50,108,6576,12948,2160,39,278,tju,ajd,GVX
xsqbyvic,1962,1,SCU,ES,115,81,26,47,bfs,lur,XZM,69,6,137,30,115,8470,68415,1113,49,237,wxu,wba,YNO
xsqbyvic,1963,1,SCU,ES,47,83,105,12,zcg,nvh,MQI,67,15,94,60,34,2109,85166,9315,34,404,tts,fki,ZOM
xsqbyvic,1964,1,SCU,ES,81,17,144,60,twm,grx,RPM,35,68,80,59,359,10899,81463,4174,18,111,rvh,ndc,SLG
xsqbyvic,1965,1,SCU,ES,78,73,12,83,fcm,ras,GOF,13,4,81,24,172,8943,47892,2065,25,494,nkq,ngm,IJQ
wfojmqww,1966,1,KQC,FW,92,88,61,42,zgm,eir,TCU,102,118,42,38,256,10874,74198,527,49,128,ydw,qky,VKM
rtobwuur,1983,1,OUQ,UR,73,76,58,34,odk,ezv,KLV,125,94,118,55,449,11196,4168,9082,58,301,oxu,crt,JLL
rtobwuur,1984,1,OUQ,UR,101,35,137,24,whc,sln,NZL,5,87,46,11,240,8219,30295,3423,35,412,mcv,jsv,ZKY
rtobwuur,1985,1,OUQ,UR,5,33,85,13,dgn,lmo,SOM,29,1,139,45,67,1822,29031,7151,8,474,gfn,eek,KHR
rtobwuur,1986,1,OUQ,UR,5,94,57,35,ibr,wen,JEB,15,70,46,37,495,9838,33025,7118,15,295,wod,wgv,JDQ
rtobwuur,1987,1,OUQ,UR,117,102,28,58,xnz,cbn,AVX,57,29,97,27,433,11375,41413,4195,57,184,tdv,lrm,CID
rtobwuur,1988,1,OUQ,UR,78,51,86,38,jtn,qod,JQE,32,114,148,18,199,7535,61057,8267,13,285,oqd,gok,WKB
rtobwuur,1989,1,OUQ,UR,74,31,0,67,eov,cli,SGF,64,37,12,21,229,9325,60254,9475,42,107,tzl,usm,PVR
rtobwuur,1990,1,OUQ,UR,92,82,46,72,eui,cia,OFT,119,111,35,45,488,2028,3539,391,19,95,ars,blx,ORD
rtobwuur,1991,1,OUQ,UR,90,42,90,24,xbz,xmi,LFE,98,84,60,49,499,7032,67111,8291,35,276,pea,nls,OWC
rtobwuur,1992,1,OUQ,UR,71,76,68,43,nrt,tfa,AIF,16,87,86,12,388,11588,50855,2729,46,92,rat,fly,XZY
vkshillu,1874,1,VDF,ZT,39,85,31,39,wmo,xog,XTF,41,102,123,5,402,12111,56802,9428,52,447,als,ake,UCD
vkshillu,1875,1,VDF,ZT,79,5,147,2,lml,tkr,ZFL,3,13,79,13,44,9609,49509,1977,27,498,efe,xmf,JHT
vkshillu,1876,1,VDF,ZT,76,83,93,56,mvx,uer,EME,32,37,72,24,266,11397,61244,8857,37,490,ejz,opk,LFM
vkshillu,1877,1,VDF,ZT,11,70,69,90,wrd,wxp,LXL,87,112,85,55,346,6232,7791,8202,56,122,ztw,tyt,BPS
hynamllr,1992,1,WCJ,UA,54,41,60,51,myf,tmz,KXG,61,48,98,53,319,6274,17708,8335,48,169,yif,kdt,EFW
hynamllr,1993,1,WCJ,UA,98,113,125,34,txn,fwb,KWE,117,101,85,39,362,8995,44649,4764,49,335,esu,mfg,OPK
hynamllr,1994,1,WCJ,UA,13,93,67,82,zph,amn,ZFU,63,110,150,33,170,2449,39367,3257,34,32,fsu,vfk,ICC
hynamllr,1995,1,WCJ,UA,37,44,111,13,owd,erp,FCD,105,71,123,11,253,6114,8428,7341,7,55,vhw,iqr,QHJ
jmbfavup,1970,1,IZZ,QM,113,37,98,5,muz,hgd,QIT,37,37,105,46,233,4005,75947,7038,23,96,dqa,hse,VSL
jmbfavup,1971,1,IZZ,QM,23,34,115,41,hsh,xph,QMY,31,8,145,29,370,11076,63834,3908,35,403,odl,lvs,JUE
jmbfavup,1972,1,IZZ,QM,87,33,102,49,qne,moe,FFB,13,118,113,1,253,5221,87988,5573,40,85,dpy,pky,WPB
jmbfavup,1973,1,IZZ,QM,13,2,73,72,eib,miv,CWF,44,34,91,14,448,5016,6528,9799,25,385,jxn,tyj,MIW
jmbfavup,1974,1,IZZ,QM,90,62,140,7,mso,okz,FTI,12,113,14,48,302,6510,51102,4725,6,172,kot,pjt,YTG
jmbfavup,1975,1,IZZ,QM,9,3,84,22,ofa,nwi,EMH,119,99,89,26,324,6689,85847,2909,56,489,hav,xlj,YRP
jmbfavup,1976,1,IZZ,QM,110,63,17,6,prf,xhj,AWR,107,45,139,24,130,8027,16882,6409,3,352,dfx,uhc,WBS
jmbfavup,1977,1,IZZ,QM,53,40,71,19,lyu,iyz,TQX,16,65,38,19,457,6016,4518,6134,26,29,lby,ppx,YYO
jmbfavup,1978,1,IZZ,QM,25,48,23,9,wop,yea,PWR,78,81,96,22,262,1909,79135,7058,31,228,cqw,bua,UUD
jmbfavup,1979,1,IZZ,QM,87,99,62,90,qex,mgb,XBN,54,120,4,36,129,11041,71718,1347,42,486,dvk,omu,BWH
qsougzuc,1916,1,OCC,QX,75,81,123,82,bom,rxx,MIN,122,4,47,2,151,10946,13695,447,32,304,kmr,gxh,KYF
qsougzuc,1917,1,OCC,QX,70,33,134,30,yyz,ynz,OLN,107,39,135,36,233,8547,32382,7589,7,1,ymw,bmg,UOE
qsougzuc,1918,1,OCC,QX,4,89,129,13,egu,rhn,PKN,68,86,68,20,239,6599,57456,1764,28,290,rwq,hcq,DGY
qsougzuc,1919,1,OCC,QX,28,56,118,82,lja,vor,BGS,22,28,145,1,282,11189,6868,5717,11,424,ujr,xle,LUI
qsougzuc,1920,1,OCC,QX,92,69,144,59,iod,pdq,GRQ,83,33,90,14,253,9518,27681,7562,24,474,akb,aas,UDG
ygbrruvd,1901,1,WGS,KH,50,87,139,25,fxq,vrn,JLH,37,51,119,44,360,7901,65174,9553,29,454,wlz,pum,MOA
ygbrruvd,1902,1,WGS,KH,102,101,121,55,xou,wga,TEF,54,88,139,53,276,12234,62306,2757,10,190,yla,ujh,DZA
ygbrruvd,1903,1,WGS,KH,6,38,147,50,qnc,ugz,BAA,98,83,87,27,164,6064,48373,5228,19,79,edm,bpy,TLT
ygbrruvd,1904,1,WGS,KH,40,16,72,8,ptj,kdi,HLF,112,6,38,23,378,9319,63298,3067,35,359,klb,nqq,JUN
ygbrruvd,1905,1,WGS,KH,81,86,29,57,bjk,wnf,EUH,16,75,139,19,312,4166,64860,7887,42,324,auq,sde,YCD
ygbrruvd,1906,1,WGS,KH,71,71,92,15,kpk,jbm,URV,78,7,69,54,270,3064,80524,8765,13,395,bdw,mhv,ELJ
aakyqmtb,1926,1,BYM,ZU,123,68,2,59,jbu,iqx,CTH,64,72,111,37,494,6751,8452,6755,12,352,kse,cbl,NFV
aakyqmtb,1927,1,BYM,ZU,15,37,47,108,flr,rgw,CTJ,67,109,42,13,179,1630,41952,3589,9,403,zjk,hia,OTK
aakyqmtb,1928,1,BYM,ZU,125,48,38,44,uyg,zgz,LWD,29,58,55,50,377,8303,17790,2763,52,196,wbg,qzy,XGL
hlkrrzol,1949,1,HXK,NQ,51,115,67,21,lzz,kbv,MNF,112,108,72,44,459,2913,67425,332,16,55,cbm,ijr,DID
hlkrrzol,1950,1,HXK,NQ,44,57,147,25,vtw,pkj,BGQ,97,31,101,52,16,4461,42203,1088,2,37,geb,unf,XGY
hlkrrzol,1951,1,HXK,NQ,45,6,56,46,tes,qen,UES,32,92,80,37,22,8812,23822,7002,18,302,jwu,kvu,ORO
hlkrrzol,1952,1,HXK,NQ,99,3,131,34,ntj,olz,XWD,122,21,71,3,463,1311,9205,8351,9,233,rty,zce,AUG
hlkrrzol,1953,1,HXK,NQ,87,62,117,91,xry,prm,QZN,82,71,51,1,115,872,37116,1147,4,320,pmc,epf,EEH
cfwkorht,1986,1,RPT,ZL,37,55,131,23,fgr,ynw,JLS,40,82,21,48,133,3761,49930,4045,5,464,hrx,txa,FYA
cfwkorht,1987,1,RPT,ZL,30,118,52,28,fbp,rji,CWA,69,67,140,5,94,6415,12364,3868,10,355,dyu,tup,RGW
cfwkorht,1988,1,RPT,ZL,33,56,69,82,lho,sdz,QZV,99,88,78,14,495,1514,34835,9722,18,69,aig,dyx,PUH
cfwkorht,1989,1,RPT,ZL,119,41,38,55,nga,aih,ZTZ,63,23,129,27,110,9149,55559,7840,22,289,hud,fvm,BBP
zownnffp,1893,1,BKN,BT,39,81,60,52,ovv,iul,XIQ,66,97,58,57,76,4116,70220,8934,6,434,xyv,nyp,HRA
zownnffp,1894,1,BKN,BT,74,69,142,55,zbn,qwg,LNW,73,57,62,38,90,6790,29344,3838,26,121,ibb,voa,QDX
zownnffp,1895,1,BKN,BT,48,5,44,48,vwm,pps,UZB,99,45,103,44,6,4762,36048,4484,40,36,cme,mrs,IOB
zownnffp,1896,1,BKN,BT,0,28,148,52,lfm,kdb,XTD,103,98,8,19,443,10369,89231,9552,0,80,ayi,lae,JTI
zownnffp,1897,1,BKN,BT,4,63,38,104,urn,pcw,HVF,97,83,35,15,37,1377,78646,4941,47,157,nez,vmr,EEY
zownnffp,1898,1,BKN,BT,18,85,93,11,gku,rjc,QBQ,20,80,4,8,94,383,16079,1963,30,374,jmg,fon,DOE
zownnffp,1899,1,BKN,BT,86,82,146,46,izz,yeu,BWC,31,55,36,54,98,3700,65633,2883,60,327,bfr,jxl,DYS
zownnffp,1900,1,BKN,BT,124,104,114,30,nad,bnv,MIU,94,87,141,57,231,3488,72743,7148,35,366,mrz,duw,OZF
zownnffp,1901,1,BKN,BT,17,64,69,0,hbj,brs,JBV,98,49,19,60,151,7872,30641,216,56,355,sdr,zva,ZUR
zownnffp,1902,1,BKN,BT,93,19,106,90,jyx,nbj,GGX,123,25,82,36,401,10944,69572,5978,25,163,pwq,gqm,KRW
tbthpqbi,1962,1,BGP,BP,99,106,50,29,dxk,eql,UHZ,108,105,11,16,70,2285,83724,6213,37,394,lrg,liy,MLR
zbzfqgpm,1931,1,TGJ,SJ,119,64,121,80,jgl,ruf,RAA,33,74,141,44,147,6776,4794,2141,27,301,lld,xmq,IVU
zbzfqgpm,1932,1,TGJ,SJ,104,63,42,16,xvu,bzu,ANA,84,49,115,40,405,10868,85828,3231,23,232,rfo,shf,RIH
zbzfqgpm,1933,1,TGJ,SJ,109,4,47,12,tvy,shk,UMV,104,6,101,57,291,7004,35274,3266,18,336,egp,wuv,GLN
zbzfqgpm,1934,1,TGJ,SJ,94,114,122,63,ecm,rds,CHA,44,79,81,56,460,10775,30545,3678,56,481,fpz,kwi,RLU
zbzfqgpm,1935,1,TGJ,SJ,125,12,112,11,avy,ept,PGG,23,99,90,1,171,8361,31678,8039,0,445,mai,njm,EXT
zbzfqgpm,1936,1,TGJ,SJ,57,44,56,17,oxu,qql,ELE,72,84,21,3,196,11656,44505,9658,0,359,uzc,fth,VWN
zbzfqgpm,1937,1,TGJ,SJ,116,50,4,91,kdq,zvv,VSV,88,7,46,38,31,11534,25180,8323,16,188,pxt,xnk,VEZ
zbzfqgpm,1938,1,TGJ,SJ,1,46,126,15,vci,tsa,QSF,13,103,77,48,498,1764,45737,5886,0,438,bhs,tsw,FHQ
zbzfqgpm,1939,1,TGJ,SJ,90,107,7,25,haz,wlz,EQY,76,28,120,30,125,9229,79786,5935,53,495,lvo,wug,UMC
zbzfqgpm,1940,1,TGJ,SJ,40,87,40,72,fzd,okt,WJJ,34,57,18,22,15,4252,19137,4697,34,248,ciq,xxp,JST
wtbcnuun,1964,1,GWB,AC,21,64,71,17,pmx,xsv,MAZ,21,95,52,57,328,6168,27772,248,53,129,ozp,giu,GCA
wtbcnuun,1965,1,GWB,AC,39,100,135,36,vhx,akl,UIS,33,43,113,1,48,12587,24196,6400,49,221,jvk,dus,BLA
wtbcnuun,1966,1,GWB,AC,124,86,43,8,vqo,wwt,HMN,123,26,104,44,123,10421,61277,697,43,322,tbd,rdb,DIF
wtbcnuun,1967,1,GWB,AC,47,23,89,10,rdj,qhp,QGK,74,70,106,15,377,9699,61725,8193,58,463,jfc,hig,YPR
wtbcnuun,1968,1,GWB,AC,36,32,108,22,pcr,ynj,WID,125,93,26,56,424,1783,25768,2251,6,275,ike,qov,PQW
wtbcnuun,1969,1,GWB,AC,47,116,51,84,bdp,int,CZJ,58,13,60,24,318,3779,49956,3369,58,18,dgl,zij,QXM
wtbcnuun,1970,1,GWB,AC,123,2,116,43,ptz,lwz,MGW,56,73,56,20,84,7602,12890,8444,40,230,jzi,btq,ZQI
bndwyolo,1931,1,YAT,SN,18,113,62,7,kfv,uvo,SLY,118,94,74,35,472,6538,65297,2356,52,81,psz,nuy,QCN
bndwyolo,1932,1,YAT,SN,54,14,105,89,kjd,gpg,XOS,18,63,54,46,213,11966,71805,5501,15,441,syl,tmx,WAA
bndwyolo,1933,1,YAT,SN,46,41,8,43,pjc,czl,RHR,8,28,85,7,57,8188,67615,7100,2,153,xdy,vna,WEL
bndwyolo,1934,1,YAT,SN,119,17,56,48,tjq,iuw,OOC,81,92,96,42,422,942,64394,8878,0,484,mxm,mfg,JGK
bndwyolo,1935,1,YAT,SN,120,63,136,20,dlh,yjm,RUO,89,36,118,6,8,10364,75559,1916,45,135,qvf,yth,AWY
bndwyolo,1936,1,YAT,SN,39,17,26,41,dfy,vjc,KZV,96,27,110,56,148,1394,38227,7534,1,333,bah,yak,DBU
dkmjnjwz,1937,1,HUY,AF,76,3,130,7,gkl,kjv,MAY,17,108,58,57,256,8123,80236,2545,37,52,bjk,lwg,FNS
dkmjnjwz,1938,1,HUY,AF,53,120,94,42,ist,dfe,KFQ,17,24,48,41,144,3789,54508,8515,32,310,qef,trt,YQK
dkmjnjwz,1939,1,HUY,AF,5,109,68,8,ncf,vul,RQV,118,68,32,13,96,3846,75751,8900,33,82,dhd,mye,UFB
dkmjnjwz,1940,1,HUY,AF,118,93,79,62,sje,pnh,GNY,103,12,100,23,160,5219,43006,196,1,6,ujl,lqb,DJF
dkmjnjwz,1941,1,HUY,AF,37,70,129,115,zdy,tvd,KRI,47,14,55,11,130,6502,24902,6317,0,408,tll,xhs,GWI
hdlpriup,1898,1,VKL,MT,65,11,94,59,jpo,tvr,JUL,10,93,13,25,102,10816,84153,6538,1,134,suv,ije,MXK
hdlpriup,1899,1,VKL,MT,70,85,11,35,unh,idt,UYD,91,33,59,14,455,9861,80269,9042,47,27,bip,put,DME
hdlpriup,1900,1,VKL,MT,34,117,47,56,jlv,miu,BFA,0,38,43,25,374,7367,70378,7335,37,331,una,ucq,QGI
hdlpriup,1901,1,VKL,MT,107,95,17,10,rcm,riz,CSS,45,114,86,38,113,5391,45674,5599,44,398,yvp,aqx,JRG
jkvoerxo,1920,1,YET,XE,24,67,30,68,psq,suh,DTJ,83,9,111,15,190,2170,69913,1327,30,392,qde,qzm,DER
jkvoerxo,1921,1,YET,XE,40,58,86,76,kiw,vvr,JHA,1,120,75,44,469,6817,68337,2394,27,381,trb,ymw,EFH
jkvoerxo,1922,1,YET,XE,50,7,145,6,hyu,xad,BRI,66,59,86,35,375,7346,51489,9347,44,213,oyz,wma,YRS
nlgtiuuy,1991,1,ITA,ZB,10,19,118,81,htz,roo,GNF,6,92,97,20,53,1298,4948,8103,6,212,rdo,bnu,EHS
nlgtiuuy,1992,1,ITA,ZB,59,91,59,103,pyp,yui,CCO,13,50,112,58,318,3420,1413,1431,47,356,hpo,adw,FHG
nlgtiuuy,1993,1,ITA,ZB,5,60,66,5,tec,pfa,KMI,27,77,44,19,352,4904,70165,3465,10,197,szz,ipe,HGV
nlgtiuuy,1994,1,ITA,ZB,28,75,29,57,jml,fub,BKG,8,35,144,8,188,4042,24599,8242,6,68,yrz,kcx,QTM
nlgtiuuy,1995,1,ITA,ZB,25,50,9,15,ayt,hev,RYR,22,13,62,17,352,336,35309,7019,53,154,gsl,ytr,JBZ
nlgtiuuy,1996,1,ITA,ZB,69,100,117,45,xei,bcr,GBF,92,40,106,21,414,3137,85543,3099,57,60,qbl,nzu,BVB
nlgtiuuy,1997,1,ITA,ZB,33,79,43,14,ksz,pxu,QMW,7,29,39,59,294,2297,81329,1915,28,497,ezx,qhf,AIU
nlgtiuuy,1998,1,ITA,ZB,113,28,34,112,bhr,lgy,PRH,12,77,58,28,412,3370,64302,3589,1,278,bjv,omx,UPP
nlgtiuuy,1999,1,ITA,ZB,124,64,132,83,spc,gbg,QHG,50,6,135,24,333,3054,23594,372,54,361,uet,xjr,HQZ
nlgtiuuy,2000,1,ITA,ZB,119,59,60,42,vfb,vmp,WKB,52,88,144,7,117,9005,62007,3030,50,111,ncc,kro,RYZ
xnkqbhjm,1955,1,ETR,IQ,110,95,138,75,hqv,hwq,QTB,110,1,145,36,92,7876,4101,7237,5,423,bac,vgb,PHX
xnkqbhjm,1956,1,ETR,IQ,11,13,115,51,mto,bss,ZLO,119,71,12,15,201,11822,82842,1431,10,24,aih,ena,MJW
xnkqbhjm,1957,1,ETR,IQ,49,4,4,81,tzp,fvp,RUB,79,68,19,12,420,6740,64933,637,52,281,ahs,vzn,GZI
xnkqbhjm,1958,1,ETR,IQ,62,52,0,41,tnh,igy,BAE,31,44,99,14,71,3827,30973,2075,40,478,zhn,jqw,RXO
xnkqbhjm,1959,1,ETR,IQ,0,78,84,32,axm,gor,XUX,28,20,69,38,337,10739,46784,9222,30,216,dfh,vtv,INR
xnkqbhjm,1960,1,ETR,IQ,8,51,107,18,mbc,itv,LIM,85,17,62,54,114,2640,54855,5954,31,279,rdp,vdo,GBP
xnkqbhjm,1961,1,ETR,IQ,104,21,105,76,dcu,nph,WOX,6,70,70,58,308,4415,77225,4269,34,485,ggc,mqg,OTA
xnkqbhjm,1962,1,ETR,IQ,0,73,68,45,azc,obi,BGQ,91,7,34,41,436,7532,79015,6970,49,17,gcs,jra,QKA
xnkqbhjm,1963,1,ETR,IQ,48,118,137,60,hig,osn,GQI,77,42,3,41,261,11913,88555,870,44,33,ype,joa,DHV
xnkqbhjm,1964,1,ETR,IQ,109,5,11,89,rvc,bvn,PLX,60,46,143,28,204,8253,77836,6536,55,282,npd,oci,TPE
iazitarz,1919,1,VPV,HX,43,116,100,120,qfn,hsu,LDT,95,42,39,47,192,277,11515,9077,12,80,toi,jim,EEI
iazitarz,1920,1,VPV,HX,42,13,103,53,jsx,ujo,NEN,76,113,93,45,13,2417,21307,9464,56,59,zaf,uqr,XCF
iazitarz,1921,1,VPV,HX,36,96,80,0,ypc,ycd,MXI,108,92,66,40,43,1842,17320,3782,44,467,cou,iyi,ILP
iazitarz,1922,1,VPV,HX,5,16,49,10,fac,uco,ZIR,72,6,146,35,120,7435,43427,826,16,319,rnv,pzn,FFU
iazitarz,1923,1,VPV,HX,62,104,8,67,nge,wga,BHF,22,61,76,6,383,1243,74340,1609,9,397,vmq,rpg,CHL
iazitarz,1924,1,VPV,HX,25,105,61,44,kel,tae,GRU,62,62,18,54,89,5542,66643,1970,34,290,vjq,mje,DSB
iazitarz,1925,1,VPV,HX,67,78,62,72,ksg,rov,IMC,78,35,99,51,104,3718,68213,1643,52,240,ipm,xwd,TQU
iazitarz,1926,1,VPV,HX,90,34,135,59,qoq,otq,CRB,100,6,76,55,271,6072,3472,7156,39,77,dja,cun,CIB
iazitarz,1927,1,VPV,HX,113,41,147,88,mrv,ztv,KZK,101,60,123,10,114,521,74258,1430,30,281,qkb,dce,KIF
iazitarz,1928,1,VPV,HX,74,49,134,26,wtp,sjl,LTR,46,36,38,0,447,7406,27474,2653,26,313,yfq,yxk,TTI
tbdgrdqk,1971,1,UGE,IN,85,109,44,20,nvh,fue,THO,63,1,40,36,433,11601,27307,9340,44,404,hmu,oyu,EHP
tbdgrdqk,1972,1,UGE,IN,60,33,86,24,iqs,kta,XNA,43,76,116,2,287,4163,10989,4434,36,345,jwu,gtc,DJT
xugzdjzi,1975,1,TUD,RP,37,67,21,58,mqh,cpt,LMP,102,52,5,42,482,8177,74774,1254,36,66,ybz,fvt,HQW
xugzdjzi,1976,1,TUD,RP,113,58,30,14,ytr,lms,HVU,117,95,21,6,142,4306,29690,6577,20,268,mph,gol,TCK
xugzdjzi,1977,1,TUD,RP,95,61,126,50,kwa,cjc,IMV,80,88,121,41,156,2551,21156,1432,55,52,hbi,kfh,KEN
xugzdjzi,1978,1,TUD,RP,54,97,138,67,ysi,gur,VAW,78,21,98,24,302,4215,87983,329,48,62,pyv,edx,VTS
xugzdjzi,1979,1,TUD,RP,13,99,57,60,trf,vnh,JUZ,119,37,106,8,241,11469,87406,1177,41,3,pzm,ojy,LIU
xugzdjzi,1980,1,TUD,RP,7,88,21,14,cee,aep,RFZ,52,94,103,29,234,10881,55772,2841,46,178,vlf,lsk,MOF
vhheqham,1905,1,LHF,BA,115,92,75,24,aum,suw,IJP,17,79,28,58,100,9166,73236,3659,20,4,fdj,pdd,SDT
vhheqham,1906,1,LHF,BA,40,29,38,15,sbw,ocz,JRJ,18,117,40,57,110,2800,79813,2945,24,74,bsi,wno,NTC
vhheqham,1907,1,LHF,BA,85,94,106,81,tmv,ibs,UJG,69,50,20,0,113,8039,43979,2261,14,479,jww,tra,ZOI
vhheqham,1908,1,LHF,BA,41,1,3,15,ebn,jjh,EAU,101,29,80,39,47,4742,43174,9114,37,253,ved,ugn,ILR
vhheqham,1909,1,LHF,BA,108,10,122,4,ybi,tlb,OBR,100,104,118,36,445,9788,321,9365,39,272,qye,vno,EGK
vhheqham,1910,1,LHF,BA,47,81,32,42,epu,kbz,HEM,115,15,87,34,399,5050,63360,7336,22,365,gtn,sjh,YPF
vhheqham,1911,1,LHF,BA,21,88,22,32,sle,dnb,PJI,49,50,28,32,143,366,89317,3589,2,303,vul,fhd,HSQ
vhheqham,1912,1,LHF,BA,62,61,43,57,keq,enj,QPT,35,19,106,18,125,10172,60151,5913,36,37,xzb,yot,IJK
vhheqham,1913,1,LHF,BA,56,81,150,48,pvs,lgu,MMW,28,10,4,11,389,2637,52593,2639,3,319,gbd,vvb,CGT
fjibuwbh,1993,1,EEX,PP,91,116,19,41,unm,ccf,WRD,97,115,42,0,376,1741,50720,5020,55,351,jvt,cyz,LVQ
fjibuwbh,1994,1,EEX,PP,70,26,27,82,fvg,eiz,EBW,58,96,99,26,243,9040,66898,6101,59,136,gca,wcw,WBJ
fjibuwbh,1995,1,EEX,PP,62,101,44,40,fdf,dsr,WJH,62,6,7,6,450,9352,13411,7037,3,327,zrs,ohj,SZH
fjibuwbh,1996,1,EEX,PP,49,81,13,36,xlc,zbx,YBP,31,82,99,8,292,9693,48491,3918,7,340,kvj,tcj,OJG
fjibuwbh,1997,1,EEX,PP,110,16,133,97,gbt,rmq,IBX,32,80,56,36,314,5606,27111,7616,57,129,hjd,pky,SZG
fjibuwbh,1998,1,EEX,PP,58,39,75,102,znq,nit,XFK,30,108,64,42,152,12597,53390,9591,33,312,bnb,ksj,OWQ
fjibuwbh,1999,1,EEX,PP,123,2,146,69,jag,pli,EEQ,18,42,81,60,187,3683,56971,3986,21,236,dsb,uur,MSS
fjibuwbh,2000,1,EEX,PP,54,7,61,29,yct,rkq,WYB,100,92,106,37,218,11250,44297,5931,21,307,wwz,hdp,WVD
fwzwqbpl,1958,1,HUM,RQ,18,73,26,44,nth,ouz,UGJ,11,84,93,13,141,7192,65403,2192,0,444,lcc,asj,QQS
fwzwqbpl,1959,1,HUM,RQ,105,112,134,5,wsr,bnd,QJP,76,43,49,59,274,6246,28214,5465,11,473,dio,zlh,FHT
fwzwqbpl,1960,1,HUM,RQ,76,28,41,55,pjx,pmv,NDS,32,58,71,8,34,12468,47790,7575,55,207,tud,hmf,EIP
fwzwqbpl,1961,1,HUM,RQ,75,115,5,46,nnu,ogq,LTN,60,103,53,33,448,176,65853,3512,28,146,txh,wsj,PGM
fwzwqbpl,1962,1,HUM,RQ,45,120,148,47,vpx,pxf,BLV,122,7,63,10,48,851,40202,1487,26,225,pgx,lfa,RFZ
fwzwqbpl,1963,1,HUM,RQ,49,77,116,53,tcj,qow,IXO,23,103,41,7,240,8528,81598,2589,37,77,ygm,iif,QVL
fwzwqbpl,1964,1,HUM,RQ,71,11,51,24,gbr,jol,EDQ,122,6,69,5,253,362,19817,3577,9,205,iig,qzw,JZZ
fwzwqbpl,1965,1,HUM,RQ,103,10,142,2,jeg,tof,ZMU,81,29,76,52,231,4149,41687,4921,21,341,ksx,gak,FCI
iqzsbxfv,1946,1,JHU,MT,119,39,11,88,dnw,zdk,ICJ,98,111,38,39,472,11509,46370,7710,41,137,jos,bao,HSE
iqzsbxfv,1947,1,JHU,MT,108,100,108,29,mxu,mne,QMV,74,68,24,35,295,4831,13964,2648,11,111,hqn,vmz,DSP
iqzsbxfv,1948,1,JHU,MT,5,100,33,108,iiw,ctf,QOV,100,102,89,47,442,6834,62984,7631,54,84,xwu,hpi,ZHO
vnaazxkk,1972,1,EXA,BK,24,65,50,43,jcf,fgz,LTF,110,44,105,20,212,2652,44429,3586,12,451,ysx,sbw,OFJ
vnaazxkk,1973,1,EXA,BK,12,43,131,43,szd,avr,RLX,14,73,4,3,118,9428,803,6023,16,36,jvr,ewo,HVW
vnaazxkk,1974,1,EXA,BK,2,13,102,38,dhv,ihz,VIS,72,80,134,45,41,4033,35635,9563,6,414,khz,hnu,HVU
mfpkscgx,1985,1,IWB,ZB,103,84,98,45,caf,xof,AWN,26,39,34,41,455,8265,10243,9308,18,184,ygl,wtd,VKA
mfpkscgx,1986,1,IWB,ZB,3,73,99,28,run,fdz,RBZ,64,109,54,25,334,750,80195,4683,23,483,ecx,opr,YFF
mfpkscgx,1987,1,IWB,ZB,42,65,71,24,gtt,llo,NPN,33,17,104,44,351,10881,79702,1790,28,45,qjo,ool,QRM
mfpkscgx,1988,1,IWB,ZB,24,63,78,13,eap,npj,DJI,24,17,43,45,309,4761,61365,7472,54,296,sai,pwt,USR
mfpkscgx,1989,1,IWB,ZB,49,63,74,43,jmt,ryl,CTJ,85,103,69,5,406,805,86280,8486,48,215,zyh,piz,YVS
mfpkscgx,1990,1,IWB,ZB,12,78,0,39,fcz,xhn,KZQ,27,96,85,30,496,5456,63913,6936,25,413,hde,xhc,VHI
mfpkscgx,1991,1,IWB,ZB,2,46,23,20,aso,zsz,UPQ,17,100,127,20,8,6168,81253,8218,30,371,eww,ohq,URX
mfpkscgx,1992,1,IWB,ZB,40,91,111,26,ajq,yze,RBO,115,105,139,12,267,903,64396,644,48,49,njc,cft,FSO
zdhtytld,1901,1,KMX,AG,12,36,110,55,vvf,vzi,ZQK,94,91,85,2,137,3057,31405,7507,22,397,haj,urr,RBI
zdhtytld,1902,1,KMX,AG,72,113,115,20,zmt,ygp,KNX,3,30,22,27,9,8811,44794,2139,50,165,kif,wuu,PUL
zdhtytld,1903,1,KMX,AG,89,14,72,53,cgf,dod,XSK,4,3,11,14,124,9435,45773,4120,19,236,low,nvf,FFT
zdhtytld,1904,1,KMX,AG,76,7,46,75,xlc,uzt,HKE,123,62,122,7,121,5384,15111,5336,20,181,bcb,opg,JKO
zdhtytld,1905,1,KMX,AG,94,112,9,7,lmj,nnt,GTJ,42,37,118,15,225,401,49222,6340,18,436,xmq,ecj,PJB
zdhtytld,1906,1,KMX,AG,108,5,21,94,tky,nkv,GEC,99,105,50,40,378,4893,40092,8351,55,395,urt,yuq,NFX
efappaka,1929,1,RQR,YZ,97,56,65,53,std,ypq,CAD,110,76,106,57,213,5535,86725,9270,48,86,tkz,roc,WNY
efappaka,1930,1,RQR,YZ,60,43,118,30,iob,rxy,HDX,112,103,10,26,277,7438,26374,2325,33,386,pvh,eel,YUL
efappaka,1931,1,RQR,YZ,13,68,23,64,srd,xzo,EWG,119,8,149,44,123,10670,46561,4866,3,279,rcw,atx,VWL
efappaka,1932,1,RQR,YZ,28,37,118,12,fdo,tpi,FDP,40,4,36,39,46,6101,71344,6519,9,379,ucr,ull,NUX
efappaka,1933,1,RQR,YZ,92,61,73,25,ghc,vwi,WEK,95,95,103,12,338,9992,50199,1873,40,108,ech,owg,AUH
efappaka,1934,1,RQR,YZ,87,36,98,24,hwe,bte,VUX,45,93,108,37,151,10545,49561,9433,53,385,phe,kha,UJJ
efappaka,1935,1,RQR,YZ,24,24,132,32,ico,mto,JUN,6,36,31,19,465,4292,38181,1046,2,269,jai,ukh,SGL
efappaka,1936,1,RQR,YZ,11,50,18,66,tuo,sfj,SOK,119,118,130,22,500,8255,84358,5060,44,225,tes,wet,LBD
efappaka,1937,1,RQR,YZ,56,4,126,110,wgu,hdq,PGW,64,1,68,48,69,6989,10380,8094,44,401,xfs,aen,LUI
efappaka,1938,1,RQR,YZ,42,79,90,82,jzz,tub,UHN,68,83,134,4,78,4154,32459,3182,51,433,wgd,yum,MTV
nrppcbyi,1975,1,WSJ,RG,51,26,21,21,mei,rif,KAP,48,70,87,16,369,2622,4040,6564,26,487,kqd,etj,ZBI
nrppcbyi,1976,1,WSJ,RG,70,66,66,28,sit,mbo,MLD,20,19,81,34,134,2362,15733,3955,56,0,tnw,eig,FJE
nrppcbyi,1977,1,WSJ,RG,16,38,66,24,iyp,wtk,LKT,90,95,25,47,253,2454,369,7167,7,177,jlc,vmr,EST
nrppcbyi,1978,1,WSJ,RG,114,109,32,102,uey,bhb,VZX,61,26,60,37,95,126,16604,7143,43,405,jdy,jqx,QBS
nrppcbyi,1979,1,WSJ,RG,16,33,70,15,oaj,gmw,OXX,65,113,68,8,334,4939,80812,2173,57,64,sty,tmd,HWR
wcjizhta,1920,1,DWW,KI,105,41,17,19,oom,bdb,LBH,48,42,103,39,368,8208,39042,310,35,313,nbc,mcb,SAP
wcjizhta,1921,1,DWW,KI,32,115,72,58,vpj,pye,UKO,88,48,12,19,255,9435,20915,4295,48,22,jty,lsx,XXQ
wcjizhta,1922,1,DWW,KI,98,28,121,16,svn,ais,CBR,80,66,41,25,350,9708,76815,9310,8,90,agt,nhh,SPD
wcjizhta,1923,1,DWW,KI,60,97,70,38,xmd,les,YKM,7,77,57,46,199,9599,71495,2896,38,373,eqz,btj,BLM
wcjizhta,1924,1,DWW,KI,117,57,147,53,hvi,ron,OMM,62,70,149,51,334,2026,27523,2187,37,316,vmm,ojp,WXH
tlokwojv,1904,1,BZW,ZZ,25,68,4,56,zlp,ydv,NSE,6,25,88,50,433,6049,55612,8551,26,330,gds,bkk,BOO
tlokwojv,1905,1,BZW,ZZ,88,119,134,106,hxy,gtp,XXB,83,39,26,54,110,1563,86396,2458,42,233,ohf,pmf,NHN
tlokwojv,1906,1,BZW,ZZ,99,53,65,36,xny,ixu,REY,32,73,49,4,494,11415,13900,3655,3,117,gdl,hfe,HGQ
tlokwojv,1907,1,BZW,ZZ,12,56,61,63,rvg,xbu,WTD,54,82,122,6,277,93,75935,7320,51,148,acg,chq,ZSE
tlokwojv,1908,1,BZW,ZZ,56,57,15,26,czb,odv,TZW,23,93,130,30,359,11281,501,3454,31,330,cmn,qwl,LMX
tlokwojv,1909,1,BZW,ZZ,52,101,97,35,hnj,qjt,WEV,27,84,129,29,189,2048,59341,6043,32,115,mua,dix,KFK
tlokwojv,1910,1,BZW,ZZ,30,15,37,122,cpi,deu,PBR,63,5,43,28,16,6245,33004,3848,44,336,jia,nsy,OZL
tlokwojv,1911,1,BZW,ZZ,42,66,31,17,qwt,ovw,ZNO,124,81,82,46,168,6952,83739,8792,18,46,qcb,oqn,AST
tlokwojv,1912,1,BZW,ZZ,71,44,32,49,dzl,oqa,UZR,49,74,89,48,204,8576,36367,4986,20,255,qvy,ebp,KNW
tlokwojv,1913,1,BZW,ZZ,67,14,37,67,hte,zzs,ZNN,103,42,76,3,88,9999,59165,7465,54,432,bqz,uve,GGG
xmaaljjh,1976,1,NYW,NO,31,101,124,86,hnd,onj,TXL,99,119,106,54,102,2248,72260,8704,5,269,fko,qsj,RMO
xmaaljjh,1977,1,NYW,NO,108,79,63,73,vqr,quh,ZDG,37,91,96,50,161,10594,19182,6772,55,180,sge,acl,SXD
xmaaljjh,1978,1,NYW,NO,90,36,106,65,eyz,pwp,NCN,20,12,52,38,115,2186,68778,3067,47,266,sic,csk,ATN
xmaaljjh,1979,1,NYW,NO,2,80,8,94,qxf,llw,TKY,93,21,103,21,461,12053,66981,5929,35,289,rnx,pge,SDZ
xmaaljjh,1980,1,NYW,NO,57,83,44,18,llu,qpw,CTW,9,109,93,31,497,7861,75681,3593,26,127,fti,dhb,PSC
xmaaljjh,1981,1,NYW,NO,85,56,148,84,neq,lqw,MBK,88,4,131,5,145,4009,41369,6562,6,224,lxj,dlg,EWK
xmaaljjh,1982,1,NYW,NO,95,92,39,50,zkb,krq,VLS,86,74,88,39,305,2544,87585,8116,36,204,nwz,dsi,SOR
zhtoyupj,1949,1,IUH,JO,60,112,95,28,voz,lww,RKU,20,5,60,31,271,5494,57947,9065,7,263,sox,vuu,RMF
zhtoyupj,1950,1,IUH,JO,61,86,46,51,dvu,yaa,ZSF,102,59,55,31,304,10936,65428,2925,10,342,rce,vcg,DKL
zhtoyupj,1951,1,IUH,JO,67,1,37,33,sok,jef,NBI,123,1,117,17,0,12516,9483,4266,31,419,fta,tvw,TAW
zhtoyupj,1952,1,IUH,JO,92,39,96,72,yaf,icf,GVV,52,57,40,25,295,5182,71321,6521,60,209,mzq,lmm,JYR
zhtoyupj,1953,1,IUH,JO,124,84,91,67,dll,jmi,KQP,9,53,65,22,94,9168,42008,4499,17,375,dga,zxd,XZX
zhtoyupj,1954,1,IUH,JO,61,109,55,19,vaf,spf,LRC,80,86,79,50,443,3824,12001,8374,59,123,xzj,dzj,CUH
zhtoyupj,1955,1,IUH,JO,15,8,46,49,rkj,utm,ATF,64,2,5,37,370,7870,12672,1363,42,196,pcg,fft,ADC
zhtoyupj,1956,1,IUH,JO,10,99,99,16,ehm,ezv,AET,55,80,13,4,35,2736,58611,3888,1,369,lpt,ert,YGK
zhtoyupj,1957,1,IUH,JO,85,32,129,23,via,myh,QRR,114,23,57,23,138,8490,65291,7459,28,254,lem,bwe,IIQ
zhtoyupj,1958,1,IUH,JO,109,83,41,57,ydc,lqp,PXH,102,105,5,3,167,2732,89314,8130,16,467,hcb,izh,QUW
nivopwzk,1941,1,NCH,AJ,122,114,74,27,gxx,pnk,SGY,34,94,86,60,413,4167,13269,8136,24,299,eia,tmj,LDT
nivopwzk,1942,1,NCH,AJ,18,72,74,43,pfi,fso,ILL,90,89,144,15,189,6459,4262,2799,18,498,vmp,xhj,ECD
nivopwzk,1943,1,NCH,AJ,26,110,2,57,jfi,ino,QNV,89,15,59,38,223,12295,13125,9293,37,141,fky,ejt,EQI
nivopwzk,1944,1,NCH,AJ,15,83,32,80,tqj,hvc,KKF,17,1,97,35,198,11182,1712,2623,1,412,vkr,egu,SVC
nivopwzk,1945,1,NCH,AJ,39,110,97,86,ctk,dte,GAD,9,50,138,49,204,5393,62887,4309,36,58,uaq,gdf,UKC
qctgzbut,1961,1,KZT,PS,18,4,146,97,kvn,bdz,PIT,33,57,36,0,453,7572,83090,3231,51,424,ilu,kxh,KMB
qctgzbut,1962,1,KZT,PS,24,17,47,57,vms,scu,RGY,50,48,76,50,158,1172,1951,1536,40,314,cke,xpv,OGL
qctgzbut,1963,1,KZT,PS,8,117,148,30,xnf,ksp,JUS,19,95,64,39,480,4052,44244,7272,42,193,fzg,qat,DGX
qctgzbut,1964,1,KZT,PS,62,4,13,33,udb,jhg,NTY,55,3,85,32,97,10078,48862,7320,44,284,whh,ojr,LOU
qctgzbut,1965,1,KZT,PS,4,31,95,46,roa,lzg,SIQ,35,14,70,55,448,6487,33206,4991,7,115,zlp,qta,OTG
qctgzbut,1966,1,KZT,PS,18,64,26,44,nkh,ikk,VQW,68,102,30,48,231,1413,24287,4484,49,399,xkc,cau,DMJ
qctgzbut,1967,1,KZT,PS,55,101,45,7,fnq,hwr,CNX,29,53,47,60,322,1065,12804,2818,20,164,yat,aqx,SDY
qctgzbut,1968,1,KZT,PS,111,0,145,18,pop,sju,ADZ,42,100,3,45,248,1946,32671,1677,59,129,oxa,mel,VVL
qctgzbut,1969,1,KZT,PS,100,120,20,38,hqj,obq,ABD,25,77,95,44,123,2149,26741,9229,9,234,edh,iaz,KAG
qctgzbut,1970,1,KZT,PS,18,97,58,54,kcq,hwb,BQA,6,41,145,13,210,4658,29172,2399,3,11,djr,fvg,QVG
eetefxhw,1940,1,CUC,JL,102,34,56,55,wtb,kue,LJH,16,115,32,11,338,8676,34047,9702,35,191,gun,sbd,TSI
eetefxhw,1941,1,CUC,JL,110,28,123,42,bmu,zaw,ZMN,69,68,112,30,178,699,30066,7778,57,107,nun,swq,KMN
qerdojei,1886,1,TUB,UO,12,118,150,45,jof,yux,WVJ,5,54,41,21,174,8373,30119,6928,27,107,xag,dxw,BQQ
qerdojei,1887,1,TUB,UO,38,29,76,42,apx,lcz,YPS,1,56,41,7,399,7987,43841,8248,32,492,nuf,wrl,ECK
pechbnwq,1952,1,VMA,ZZ,2,38,56,42,rrw,xfb,WLQ,87,110,58,37,425,9826,34775,1456,34,108,rfq,reh,CSP
pechbnwq,1953,1,VMA,ZZ,117,88,80,78,gvr,rej,JFS,94,119,124,49,10,7478,13583,4271,3,305,fyg,zzs,GTI
pechbnwq,1954,1,VMA,ZZ,98,98,54,88,tqm,cjm,ZLJ,107,27,11,53,164,1833,67013,2433,53,159,khy,ref,LUO
pechbnwq,1955,1,VMA,ZZ,123,115,51,65,bcs,vqs,ERA,71,36,134,47,51,5902,49849,6601,27,427,sur,qik,KNT
pechbnwq,1956,1,VMA,ZZ,99,70,37,96,vto,tej,KZG,99,31,112,28,396,1104,71938,220,50,338,tkg,qcj,TGB
pechbnwq,1957,1,VMA,ZZ,100,104,124,77,jwp,res,NCH,67,37,99,39,223,10814,53547,9536,24,145,uci,ogs,WRH
pechbnwq,1958,1,VMA,ZZ,91,89,107,13,ylp,fbo,CWM,38,32,103,11,131,11071,61531,5729,60,330,bll,lrn,WNZ
pechbnwq,1959,1,VMA,ZZ,107,108,35,30,tkm,kgy,LBD,85,103,122,6,228,11208,41020,3156,8,421,zkz,xdz,SWO
pechbnwq,1960,1,VMA,ZZ,58,79,143,55,ygu,gmv,HZC,5,90,29,50,446,3274,69084,9480,42,324,nak,ljs,KKT
pechbnwq,1961,1,VMA,ZZ,11,84,131,64,puw,zxq,ESQ,35,24,117,27,160,1373,20417,7629,59,384,hmw,ftv,ATS
ouelhvnq,1931,1,YJC,HC,123,104,120,36,pch,jfw,EOM,125,98,18,53,59,5391,26126,4886,51,356,qiq,rty,EIK
ouelhvnq,1932,1,YJC,HC,40,120,30,72,nre,uoj,LRS,122,27,64,22,172,6046,4591,6100,32,335,qea,nau,EZD
ouelhvnq,1933,1,YJC,HC,67,82,13,45,acg,gcd,FOQ,20,25,7,29,458,10027,66006,4891,50,10,gzl,pil,FUJ
xglwcmco,1938,1,SVC,PY,4,50,27,19,xfr,nzh,FPX,1,106,101,43,329,12420,61043,4234,6,402,wvp,ygl,FQM
xglwcmco,1939,1,SVC,PY,14,84,34,4,jvh,afl,EVH,31,33,84,36,175,9110,47391,3722,24,226,bmt,dwy,CWS
xglwcmco,1940,1,SVC,PY,57,114,44,3,twe,hdh,WDS,59,81,141,7,156,8080,14001,6676,39,337,ceb,nie,ZUQ
xglwcmco,1941,1,SVC,PY,0,86,62,26,oub,mud,ZKP,31,118,3,31,365,10491,56104,2115,11,300,lxo,jhi,WPT
xglwcmco,1942,1,SVC,PY,105,50,30,21,xvh,hbt,EYS,107,74,77,25,150,8575,5007,9151,39,101,nzy,ifc,RZL
xglwcmco,1943,1,SVC,PY,65,50,14,64,kql,jbx,LHB,78,97,38,4,58,10592,81586,3350,37,43,dwy,dhq,IXH
xglwcmco,1944,1,SVC,PY,22,58,27,94,unh,ttg,IDZ,104,18,1,35,40,5284,16063,4861,27,437,axv,qok,XAZ
gcjoztbj,1992,1,CAK,FH,85,109,35,27,aij,mqn,WLV,12,114,11,32,48,10650,16578,9190,28,180,bdy,xbv,IFL
gcjoztbj,1993,1,CAK,FH,8,16,51,18,emi,zsf,DGS,106,87,48,29,98,5155,51293,9400,0,80,qkd,rpc,KIG
gcjoztbj,1994,1,CAK,FH,105,50,99,65,ajm,bwu,AGP,57,75,124,38,316,9687,33806,6486,55,194,idm,lrq,MYO
gcjoztbj,1995,1,CAK,FH,32,77,87,64,qoy,why,YWE,105,61,106,4,18,562,5293,1391,52,266,uzr,ykj,BLJ
gcjoztbj,1996,1,CAK,FH,29,31,106,104,yoj,gyr,CXE,124,31,113,7,309,10126,89371,6812,27,421,vtr,yhu,BPH
gcjoztbj,1997,1,CAK,FH,72,19,128,76,mab,mze,VZA,35,15,17,7,111,6523,33804,8635,47,137,rpj,mkv,EHP
gcjoztbj,1998,1,CAK,FH,61,89,19,16,wpn,iug,CST,49,76,29,54,278,10627,35566,8553,60,424,gww,vrq,AJO
zagiwakt,1888,1,TNH,LO,108,6,4,54,zxn,vnc,BEF,83,83,146,55,261,1564,30933,6970,29,484,itr,kqg,XZZ
zagiwakt,1889,1,TNH,LO,84,23,150,76,map,huj,XEG,89,5,6,32,1,1617,41896,2485,56,479,ldq,dgi,MJU
bwrfqswd,1919,1,WAU,MJ,67,33,74,88,gwd,gyx,SYY,22,75,147,1,317,12475,12391,5268,42,57,tit,izq,HYV
bwrfqswd,1920,1,WAU,MJ,41,102,39,64,quv,wls,LJR,23,104,130,57,22,10829,40484,4658,54,58,roi,gjw,BFB
bwrfqswd,1921,1,WAU,MJ,106,92,93,57,pda,snj,WHU,89,18,71,8,70,3507,87549,8174,19,350,bhu,khf,IAT
bwrfqswd,1922,1,WAU,MJ,113,42,59,19,mro,pto,SDI,7,109,149,43,494,4120,332,2651,22,428,zsg,akz,SMZ
bwrfqswd,1923,1,WAU,MJ,19,17,144,50,ecf,nsk,JDI,72,78,130,31,317,5396,37358,47,30,95,pob,diz,IRA
totybsoj,1976,1,BXE,OR,97,102,67,17,zfw,xwm,THA,119,53,1,2,135,1876,85239,2909,53,78,rrp,ygc,MUJ
totybsoj,1977,1,BXE,OR,122,66,58,66,pwm,qjk,JRQ,33,29,135,9,415,8674,22695,2579,57,386,fsa,tby,DSJ
totybsoj,1978,1,BXE,OR,14,48,110,15,mov,qzg,QIE,18,61,138,34,217,8671,19475,7239,45,363,wbt,stq,TQN
totybsoj,1979,1,BXE,OR,85,57,47,55,thz,ubg,ZRV,120,81,72,44,116,3871,78506,4081,44,500,sfs,bwl,RPC
totybsoj,1980,1,BXE,OR,71,33,137,36,gdx,vmz,QCZ,69,34,21,31,347,6217,39806,3880,56,210,lbs,nyb,IID
totybsoj,1981,1,BXE,OR,76,106,26,2,jvl,lxo,DOR,30,10,85,39,71,3050,87318,917,9,163,xhx,tzk,SVZ
totybsoj,1982,1,BXE,OR,110,81,33,17,ftk,ahp,JXE,47,40,132,41,144,476,52908,7443,58,389,azw,fcf,MNW
totybsoj,1983,1,BXE,OR,75,47,57,6,iml,akk,WYS,105,24,131,20,331,7858,33112,8099,28,242,sum,kdb,YLE
totybsoj,1984,1,BXE,OR,105,68,65,59,dhn,dlb,SEM,102,55,143,53,135,2634,36698,6864,24,273,skc,ldf,XZW
lsfyuvto,1925,1,HDX,FO,63,103,141,81,nef,pir,FKA,54,30,136,54,137,4139,62973,4060,2,8,aut,nsn,YRO
lsfyuvto,1926,1,HDX,FO,25,5,23,82,wtf,yig,YMC,60,81,47,28,136,2388,87424,8956,6,285,zow,bct,PMW
lsfyuvto,1927,1,HDX,FO,2,52,20,90,zps,fga,VQN,121,18,17,49,29,7554,26100,5216,12,184,vkw,zxa,VTT
lsfyuvto,1928,1,HDX,FO,19,91,122,7,wfd,vfk,JOL,102,76,16,22,264,6914,1556,7885,45,67,syv,tge,MTP
lsfyuvto,1929,1,HDX,FO,109,99,78,91,wmt,mwi,GLV,105,1,45,33,239,6889,54888,1375,44,129,gln,dbg,IQN
lsfyuvto,1930,1,HDX,FO,3,78,36,72,asl,wmt,MSP,5,12,10,19,140,7653,44120,9341,17,132,qmp,rrf,GLV
lsfyuvto,1931,1,HDX,FO,45,28,127,58,ptz,mhu,KHN,18,86,130,54,494,1785,72143,9679,11,166,fpx,oou,DUO
lsfyuvto,1932,1,HDX,FO,77,118,146,76,ggi,oex,IQX,9,71,101,22,15,9121,81584,1641,8,330,cms,ofx,KPP
lsfyuvto,1933,1,HDX,FO,104,114,26,9,qok,tts,MHD,100,58,65,50,387,12216,83051,2572,53,222,ytj,qni,FES
azqxuvnk,1985,1,ZWX,WX,41,85,85,15,eer,vci,QYN,27,62,1,19,209,6271,74161,644,9,75,apu,afa,XWL
azqxuvnk,1986,1,ZWX,WX,22,87,91,41,hiz,pgi,NRK,69,8,96,20,445,4020,52375,3983,36,170,cyq,zuf,NMP
azqxuvnk,1987,1,ZWX,WX,47,64,96,18,jwl,ayu,MJJ,53,59,147,29,159,8212,60536,3866,51,420,diu,kze,CAS
pyyaekyr,1973,1,DJU,HL,76,82,55,34,hjw,cir,ZAC,14,6,59,39,252,10931,41468,2430,51,310,ltn,cui,EXU
pyyaekyr,1974,1,DJU,HL,121,111,61,3,fmd,sbp,RDR,73,101,57,39,326,2886,61385,4225,48,305,qsk,tsg,HQF
pyyaekyr,1975,1,DJU,HL,74,7,21,48,aoc,yce,HOU,85,29,7,33,62,3568,87296,1807,3,475,bbs,swo,YTG
pyyaekyr,1976,1,DJU,HL,33,6,143,44,ejx,rgm,QZA,69,24,0,20,165,10036,11521,4244,31,32,mdi,mru,DAZ
pyyaekyr,1977,1,DJU,HL,38,43,60,57,xwf,rvt,MHC,50,18,46,38,234,8799,68543,7732,25,315,vhv,vzu,KWP
cfusdfqq,1925,1,FHN,EM,73,1,101,4,fnd,hxc,IRT,25,36,122,23,324,8221,21938,6537,21,316,lwb,aqx,NSW
cfusdfqq,1926,1,FHN,EM,67,120,96,17,gjh,alx,HOM,27,63,72,48,81,6552,6976,2070,28,425,tyu,ybj,RSJ
cfusdfqq,1927,1,FHN,EM,4,28,99,31,xik,lht,TBE,17,67,36,6,308,5203,1855,1326,12,429,zer,llx,LKX
cfusdfqq,1928,1,FHN,EM,106,15,123,39,giy,bsc,SSO,40,93,147,58,389,11579,81618,7220,21,359,ipk,wrb,FRY
cfusdfqq,1929,1,FHN,EM,18,103,110,44,bjs,nnr,FBH,110,80,26,10,12,7190,23796,8739,50,449,vqq,gqb,ZFZ
cfusdfqq,1930,1,FHN,EM,57,110,13,11,pqp,foz,JWV,60,117,76,8,479,282,15977,6034,38,282,lxz,jdz,EUM
civuufmm,1966,1,MFW,DN,26,16,145,67,uml,clr,RRM,48,31,144,34,342,9709,13264,250,41,173,lno,bzy,MYO
civuufmm,1967,1,MFW,DN,124,32,124,13,aen,usj,LSY,72,111,37,37,457,1681,70671,1041,45,123,xox,hao,DCH
hatjajoo,1881,1,DFF,BA,61,50,19,44,rlu,tks,GAQ,90,119,11,10,435,8249,35546,1020,23,138,gyh,ibu,AIP
hatjajoo,1882,1,DFF,BA,17,102,82,13,dkm,kxm,GBE,119,100,74,56,130,8336,19131,8986,57,123,fzh,nag,YSH
rryfisjl,1914,1,SDP,HF,125,46,37,43,maj,dbh,OFC,46,109,54,30,292,9083,2129,4630,32,114,kfz,puf,XKO
rryfisjl,1915,1,SDP,HF,103,25,93,26,wkd,mnw,VES,26,87,56,21,471,1869,54985,6809,57,49,kqo,nol,MZI
rryfisjl,1916,1,SDP,HF,23,109,48,26,wfa,pxu,OEO,124,110,63,29,17,5933,59731,4294,10,209,zrm,jfo,PVN
rryfisjl,1917,1,SDP,HF,125,14,47,20,mrq,yqr,QPX,81,114,69,42,420,11198,46261,8939,15,276,tvd,apr,MUY
rryfisjl,1918,1,SDP,HF,66,4,90,31,cgi,yvp,ZVO,118,44,16,6,196,1696,52271,2232,7,74,ngk,bgi,ALB
rryfisjl,1919,1,SDP,HF,63,35,59,49,hfw,hyj,UDB,45,51,40,19,45,3600,72833,8752,12,283,cbs,nkr,ZHA
rryfisjl,1920,1,SDP,HF,121,85,129,12,owb,wha,BXG,76,119,62,58,323,6006,61574,7955,13,210,rkf,sta,XZC
rryfisjl,1921,1,SDP,HF,124,10,84,27,usj,osd,UHP,103,96,58,10,148,12495,27113,2154,14,425,asa,mbi,SLX
kgfmhhoi,1901,1,CRR,AP,65,11,98,54,pha,why,FFK,66,16,101,40,388,3923,86981,4303,22,43,arc,qwf,VPL
fgdwblst,1952,1,YYL,WJ,89,98,21,36,bgt,iux,WTL,60,65,31,54,41,7778,45887,4130,52,104,ssa,nhh,BCW
fgdwblst,1953,1,YYL,WJ,65,70,46,17,xuc,nrc,ZWC,59,72,141,54,145,825,67415,7068,8,40,pvw,nvz,CGC
fgdwblst,1954,1,YYL,WJ,44,15,59,52,pzm,xct,EQS,108,22,93,13,338,7033,57081,1418,14,375,qts,adz,ORE
fgdwblst,1955,1,YYL,WJ,107,98,149,49,blv,hxq,OVU,103,38,98,54,384,10471,84171,1801,38,79,epy,dzx,TVT
fgdwblst,1956,1,YYL,WJ,9,59,90,47,zbf,say,WJW,77,57,119,29,293,9048,6051,8932,17,248,alo,xvd,MSO
fgdwblst,1957,1,YYL,WJ,66,50,62,55,gle,bed,VWT,68,72,46,55,289,846,4857,1593,54,420,obq,pkl,IDR
fgdwblst,1958,1,YYL,WJ,73,34,27,13,don,xih,UMD,58,52,81,1,167,3065,73275,2733,39,198,tts,fgq,UMO
fgdwblst,1959,1,YYL,WJ,64,44,111,124,srv,nnr,TNP,69,91,80,45,492,8872,15601,2003,11,237,zlr,ugb,WXS
pwbqldpo,1868,1,HUW,LO,98,4,20,36,vtk,yhb,WZU,82,35,82,23,255,6750,20814,9219,25,319,pak,olr,MHR
pwbqldpo,1869,1,HUW,LO,44,9,135,13,xwo,qab,HZA,39,23,135,51,500,5221,83488,2635,51,47,caf,ztt,RPQ
pwbqldpo,1870,1,HUW,LO,107,20,82,30,guz,fbt,AWM,61,6,102,20,108,6148,54484,7283,10,212,jid,qlu,XPJ
pwbqldpo,1871,1,HUW,LO,22,15,30,64,jin,jhv,OZD,99,20,11,19,149,331,23571,7889,19,55,tma,atp,PGZ
pwbqldpo,1872,1,HUW,LO,12,63,91,26,tth,xia,FSQ,76,49,117,42,198,11669,33072,2214,15,350,nnc,sab,URO
pwbqldpo,1873,1,HUW,LO,82,90,108,22,yco,cxy,QTI,117,96,3,2,494,280,3076,5961,49,138,egy,jkh,PEX
pwbqldpo,1874,1,HUW,LO,27,60,41,81,rfi,uzu,VML,122,8,91,21,82,9962,12185,5356,5,42,stl,tzu,IZZ
pwbqldpo,1875,1,HUW,LO,40,38,87,37,jdv,con,PZW,37,20,138,28,262,9827,12638,2382,9,95,egk,fzp,WOE
pwbqldpo,1876,1,HUW,LO,94,32,83,27,cbm,gmz,KHU,76,64,100,38,270,2816,23160,3138,28,320,dvl,ryn,MHA
xfwccxyr,1958,1,XAL,RM,80,65,45,43,ftl,mjn,WVH,19,65,97,18,481,10652,26013,3520,3,359,bik,zcj,JJV
xfwccxyr,1959,1,XAL,RM,26,0,15,34,rwu,fsv,KCS,37,64,26,44,499,7581,22423,5148,2,114,jlc,gyw,KBS
xfwccxyr,1960,1,XAL,RM,56,107,21,21,qed,xhj,WUG,106,66,83,37,213,1756,54839,2920,25,109,aoi,eel,HLO
xfwccxyr,1961,1,XAL,RM,29,92,51,12,grl,bcq,ANH,65,110,39,21,200,8506,24597,9315,35,171,bmh,abp,HCU
xfwccxyr,1962,1,XAL,RM,71,96,7,39,nuf,xtn,QWN,9,22,29,52,402,11257,85610,6532,10,483,esf,uhi,LSV
xfwccxyr,1963,1,XAL,RM,42,103,113,19,uyy,cip,AHS,19,42,99,46,148,72,43366,8045,23,113,hek,jry,LOD
xfwccxyr,1964,1,XAL,RM,9,28,104,31,bms,kmw,RKA,85,2,49,43,279,5243,39595,8398,47,59,khv,zuc,HIY
xfwccxyr,1965,1,XAL,RM,45,76,75,9,ljw,hdt,HKA,42,99,123,7,386,5993,89686,7807,8,37,fhw,osp,XHK
xfwccxyr,1966,1,XAL,RM,88,74,32,121,pak,ozb,BKS,125,79,30,1,348,11782,80967,3971,2,281,iif,quh,CIY
sttrycae,1914,1,JEB,ZB,33,2,101,106,rds,dmx,XXS,94,50,113,43,259,5157,26262,1374,21,370,lze,bqq,NFP
sttrycae,1915,1,JEB,ZB,53,60,87,15,hhr,kem,ZST,27,93,3,17,112,7599,53351,863,36,391,bzw,vse,YNB
sttrycae,1916,1,JEB,ZB,11,91,109,11,qeb,yvc,PTH,83,40,122,2,492,4596,38966,5736,57,484,mfe,jiy,FCQ
bggmixqt,1869,1,CEW,GM,5,102,93,85,wzh,jma,XXU,50,96,133,56,93,412,66189,3418,22,180,ybd,qsw,LWE
bggmixqt,1870,1,CEW,GM,73,14,107,39,wjl,scw,ITY,29,53,10,12,358,8540,5687,2350,3,164,iap,ssb,AFO
bggmixqt,1871,1,CEW,GM,108,57,66,24,rpy,hyq,QUQ,61,108,91,53,267,6483,49166,2804,12,386,wcu,mfu,XXU
bggmixqt,1872,1,CEW,GM,50,101,71,98,tdx,sdt,FWZ,81,101,107,0,394,10546,40979,3478,53,263,zhz,zyw,GZV
bggmixqt,1873,1,CEW,GM,90,104,93,92,noq,dps,NEX,22,118,75,56,106,12472,14150,7613,49,207,tdr,ato,HQE
bggmixqt,1874,1,CEW,GM,40,14,63,52,inz,ddy,TLH,78,56,51,36,4,11382,59956,1733,6,217,ili,flh,ZWZ
bggmixqt,1875,1,CEW,GM,20,32,23,128,dvj,jbr,LIL,48,31,109,0,7,3264,37424,3105,25,379,heu,lgf,UBW
bggmixqt,1876,1,CEW,GM,33,37,2,41,uvi,cuz,OSN,119,0,130,53,486,12383,79695,9627,2,438,rto,ugw,UGT
bggmixqt,1877,1,CEW,GM,11,9,123,12,dnm,sfj,JNX,59,47,23,29,114,2762,13701,2483,54,468,ojl,apa,PIV
bggmixqt,1878,1,CEW,GM,64,26,16,25,gfv,pzc,MOC,46,11,83,52,216,532,6764,9331,21,152,ypg,yzn,FJD
hilfmwis,1994,1,CJX,XE,19,43,102,47,xau,iuo,SSQ,95,31,19,16,187,8873,20571,6017,45,79,qqk,nfz,TBO
hilfmwis,1995,1,CJX,XE,13,99,114,66,izy,hao,QIL,20,36,13,50,455,4259,16414,4463,52,41,zhd,vso,CWV
hilfmwis,1996,1,CJX,XE,13,46,76,72,dax,ljn,FKF,107,111,19,18,178,2115,37714,6485,28,10,itn,skf,WOA
hilfmwis,1997,1,CJX,XE,107,80,45,1,pcd,sgd,MUG,14,30,94,13,476,3879,30956,1684,2,234,gvv,gid,EGI
hilfmwis,1998,1,CJX,XE,86,45,137,80,tmq,nmh,XLU,92,77,149,26,467,1569,47400,4009,7,218,rky,dzz,KQD
hilfmwis,1999,1,CJX,XE,14,11,111,96,bdd,pcn,NLM,34,74,33,28,364,11339,40574,7307,48,3,tzf,yhd,JIL
hilfmwis,2000,1,CJX,XE,125,104,115,106,yxf,mkr,KCB,53,87,103,59,72,4248,18965,8452,54,7,nee,vsc,KAI
mcnnqyrp,1945,1,FCF,DL,125,115,18,30,ypo,kfb,FOO,94,43,125,38,207,10320,58110,4405,13,332,xnt,som,QBX
mcnnqyrp,1946,1,FCF,DL,85,4,37,95,iay,ive,YOU,64,80,66,44,56,1091,78444,5074,46,367,ffo,ypr,BNG
mcnnqyrp,1947,1,FCF,DL,66,81,14,34,tye,ytj,AUL,121,60,133,13,143,5267,21798,7461,35,266,vho,hqn,RHV
mcnnqyrp,1948,1,FCF,DL,93,113,35,1,fan,xrv,BZK,64,62,125,43,297,12291,5372,3297,12,236,tpe,pyk,FCS
mcnnqyrp,1949,1,FCF,DL,96,2,104,62,sut,wwc,NVN,81,42,44,19,188,10206,20522,4899,29,105,fls,rkc,YXY
mcnnqyrp,1950,1,FCF,DL,3,83,106,61,wii,ojn,JPS,15,27,37,41,498,9874,32761,8498,30,376,nht,dib,PPP
mcnnqyrp,1951,1,FCF,DL,70,63,38,45,ipm,fkb,RVI,122,64,23,26,350,4082,70122,1025,2,267,dye,qyk,JSP
mlmbaajy,1890,1,ETX,DQ,67,69,116,111,hmd,ylk,WOS,8,113,143,30,338,9244,13081,4503,16,449,tiz,ecw,VHR
mlmbaajy,1891,1,ETX,DQ,9,67,140,38,fss,whf,FSZ,68,73,42,19,32,8075,69132,7121,39,85,jwq,sts,TBS
mlmbaajy,1892,1,ETX,DQ,10,38,138,93,ljf,yro,JIY,74,38,80,22,182,11245,36632,1131,45,434,rug,quq,HDS
mlmbaajy,1893,1,ETX,DQ,47,8,21,53,vxc,sfp,HAA,29,94,74,3,348,8670,36984,7745,30,152,rke,osz,PXK
mlmbaajy,1894,1,ETX,DQ,54,66,3,9,qns,ggv,BUX,36,81,11,14,20,8105,59511,5962,57,493,afp,jnp,LPD
mlmbaajy,1895,1,ETX,DQ,5,110,122,11,ush,pps,XHZ,13,14,45,60,80,6369,5537,9618,30,183,fiv,hqg,BFU
fvjksknx,1929,1,BJZ,ZC,91,82,139,79,wqh,egr,JNP,124,17,68,36,189,7524,10317,5656,58,363,qhj,yub,OOP
fvjksknx,1930,1,BJZ,ZC,98,82,129,55,jif,hut,XSM,120,5,72,39,188,7217,36280,6660,24,309,zna,rud,MLO
fvjksknx,1931,1,BJZ,ZC,12,28,94,41,efv,dww,MAH,25,16,78,44,190,10185,74189,1732,27,29,aro,ohb,KDU
fvjksknx,1932,1,BJZ,ZC,99,55,111,66,nrr,aam,HZH,63,85,117,8,458,4864,65360,6365,43,208,zel,ghz,JRL
fvjksknx,1933,1,BJZ,ZC,119,34,143,74,ecz,pcp,IBO,115,27,15,42,383,629,47452,9464,53,257,lsz,dmn,OJR
fvjksknx,1934,1,BJZ,ZC,113,65,52,77,ebz,ctm,QOS,42,10,150,25,214,6827,12279,8133,47,304,hxv,dis,LQR
fvjksknx,1935,1,BJZ,ZC,100,71,135,42,buy,elg,PBE,4,44,84,2,299,4777,2091,6491,59,367,mud,vck,MEO
fvjksknx,1936,1,BJZ,ZC,116,104,25,51,lqv,taa,SVG,104,10,56,48,264,2171,24868,615,12,311,kei,ogl,AIO
fvjksknx,1937,1,BJZ,ZC,87,68,101,68,dkc,tyb,KZA,121,54,36,33,423,1894,13896,8397,46,216,acr,otf,ITA
fvjksknx,1938,1,BJZ,ZC,124,69,1,26,wsi,coa,HOV,111,119,93,42,479,7079,22135,1477,54,448,wcu,vck,ZWP
egpabhao,1946,1,JTC,IQ,35,38,14,134,sef,bgx,KNL,14,3,11,22,39,4077,27617,1083,40,406,mja,ttc,XLC
egpabhao,1947,1,JTC,IQ,68,120,141,50,wpw,ihv,RVE,71,14,50,43,372,1701,18999,8408,53,197,rew,wsk,YAZ
gmygkrmz,1921,1,EME,PV,115,58,63,38,zbu,oub,KVW,96,69,10,26,405,10352,32243,109,49,67,irb,gmc,QNL
gmygkrmz,1922,1,EME,PV,16,107,71,35,nke,aun,IZL,4,7,132,30,251,9278,36242,9330,36,124,mia,hln,YLL
gmygkrmz,1923,1,EME,PV,23,15,91,40,rzc,vlx,FGC,99,77,31,13,86,7849,62750,2369,6,362,byc,yfh,FCT
esrcufhw,1925,1,MNT,OZ,71,30,75,64,qcr,qqz,EPS,6,37,65,10,408,7114,59272,3680,38,105,wfb,dsa,JXM
esrcufhw,1926,1,MNT,OZ,107,59,146,34,ext,ivt,CGQ,91,91,19,60,381,4634,9508,4444,56,416,mku,qdh,DKK
esrcufhw,1927,1,MNT,OZ,83,54,5,12,aws,ook,XQI,118,22,109,59,132,761,43348,369,25,378,mtm,wtq,TXO
esrcufhw,1928,1,MNT,OZ,68,18,53,81,xal,hyr,QNC,61,87,122,59,473,1095,84138,2827,50,200,bqo,igr,CXU
esrcufhw,1929,1,MNT,OZ,90,87,114,62,tae,zjn,MTK,24,23,2,59,102,2501,6161,1378,60,210,tni,opx,IVL
esrcufhw,1930,1,MNT,OZ,36,62,62,46,tfr,ido,STN,21,12,89,42,189,2994,51983,9279,33,135,ikl,sip,QHZ
ixcmakzk,1956,1,FRG,MX,67,100,0,51,nzu,nfc,NUY,37,47,143,32,312,2778,78472,2240,33,453,ohz,xkj,ELA
maidjoqi,2005,1,TTR,EW,95,116,5,77,men,vxz,ASJ,78,104,20,57,426,8245,13751,7728,9,362,ojp,ufx,LYO
maidjoqi,2006,1,TTR,EW,1,46,87,29,hyq,yov,UDC,88,110,19,20,159,6077,63405,5006,0,145,hvp,gec,MHQ
maidjoqi,2007,1,TTR,EW,22,97,106,0,nxe,vnd,GIY,108,112,140,56,193,5570,39261,4192,56,96,qfp,bzc,MRN
maidjoqi,2008,1,TTR,EW,68,69,46,87,boj,bad,TWK,4,46,99,50,100,8912,74316,4306,35,114,fli,xdl,LXR
maidjoqi,2009,1,TTR,EW,96,71,117,45,cyz,vug,XAH,64,91,47,32,293,1832,35554,9546,50,219,chc,cxq,OQI
maidjoqi,2010,1,TTR,EW,38,16,82,43,tie,glg,KOG,44,98,1,7,440,3499,6301,5019,45,18,sdg,upr,OPG
maidjoqi,2011,1,TTR,EW,104,81,64,36,hfh,vvx,GAV,11,33,118,52,488,4087,35584,3808,22,75,tic,fpy,MRQ
kiawmgiq,1994,1,YLG,ZV,48,78,137,49,nci,ldt,YFP,37,91,8,25,412,5898,16889,2085,4,246,ehb,ekg,WYX
kiawmgiq,1995,1,YLG,ZV,69,108,54,0,moz,ajf,MHV,92,99,108,48,283,3385,46320,2763,15,440,sgr,oni,KYQ
kiawmgiq,1996,1,YLG,ZV,95,66,91,33,kih,hdb,PBC,20,47,50,47,412,7272,48331,6941,46,157,cuw,xnb,EDJ
kiawmgiq,1997,1,YLG,ZV,15,87,1,98,dzp,mco,VVW,6,72,141,28,215,9523,86576,8326,7,40,ovn,aex,ZUK
dyaeltki,1936,1,CCL,DK,106,79,51,15,fda,bfn,ZAO,77,15,105,4,492,3597,66995,5037,48,292,wpy,iqa,QZP
dyaeltki,1937,1,CCL,DK,5,101,16,67,uvh,uua,TSU,62,22,110,56,275,4750,71914,5636,50,207,kig,fkx,KCT
dyaeltki,1938,1,CCL,DK,73,110,120,65,wme,nok,RRG,122,12,32,36,326,9210,86877,2646,14,473,jgh,gvi,UHY
rkbzjbma,1958,1,BNM,HU,21,35,25,22,fya,iwj,WJS,35,105,95,42,79,9989,46835,618,29,113,dhk,qbu,QAT
rkbzjbma,1959,1,BNM,HU,86,57,0,44,phm,vgk,UHR,70,27,140,20,91,6465,47155,456,35,382,fug,gzi,SVU
rkbzjbma,1960,1,BNM,HU,39,76,24,69,sdf,bmx,BBA,83,51,67,4,376,5255,27490,823,3,149,rbz,yfe,GGS
rkbzjbma,1961,1,BNM,HU,16,15,0,19,dkl,pej,CSQ,5,105,58,29,434,4550,12857,6392,14,470,led,dxi,AEJ
rkbzjbma,1962,1,BNM,HU,1,12,34,84,ewg,xfq,BTG,50,105,81,34,8,5431,48745,8017,43,140,jjd,dzm,BRZ
rkbzjbma,1963,1,BNM,HU,20,48,25,51,pyp,pwy,APB,52,43,131,6,223,5900,56247,8353,17,158,qhj,mxe,TAU
rkbzjbma,1964,1,BNM,HU,27,64,89,65,nlv,wet,QJF,83,61,22,29,399,4805,48559,982,14,442,gns,bwi,VMH
rkbzjbma,1965,1,BNM,HU,25,15,1,10,wjs,ngz,ORX,93,98,102,44,327,10686,37264,157,42,320,lut,vfx,VAT
rkbzjbma,1966,1,BNM,HU,19,109,72,56,vrw,mtd,EBH,51,17,149,10,439,1919,11539,8567,44,95,lnq,uop,EHP
rkbzjbma,1967,1,BNM,HU,56,33,14,56,lyp,gyb,BWS,95,83,6,21,375,8445,32071,1932,31,337,buu,eie,IHR
kmryusxq,1978,1,RIA,DV,25,67,118,10,wso,auf,RXM,114,102,84,39,119,362,84473,7287,30,131,njs,cen,PEQ
kmryusxq,1979,1,RIA,DV,106,51,61,9,myn,gpk,MQU,99,10,126,4,401,9861,83643,4653,36,181,use,imm,TIG
kmryusxq,1980,1,RIA,DV,109,90,130,90,hrv,qgo,SJG,16,37,101,49,402,1553,44719,8387,21,94,enq,trv,XQK
kmryusxq,1981,1,RIA,DV,120,113,140,12,ynz,qba,RTF,116,77,45,23,0,2200,14916,8504,22,25,weh,yoi,OVO
kmryusxq,1982,1,RIA,DV,43,58,143,32,enk,cfj,ZWL,115,1,6,16,485,11408,68612,5136,9,407,ngc,zah,HOB
kmryusxq,1983,1,RIA,DV,38,14,108,10,umj,jgp,UZV,125,31,88,15,169,10326,64152,5644,36,91,hle,stz,LIE
kmryusxq,1984,1,RIA,DV,86,18,0,14,xlv,fpe,GMQ,77,102,24,13,107,5247,9118,2911,43,484,egd,szy,LGW
kmryusxq,1985,1,RIA,DV,21,119,134,13,mgy,mqi,WFE,100,65,15,53,184,4730,64293,4757,3,99,lre,xwm,BSI
dygjyrvo,1879,1,FLP,BB,15,18,149,33,doh,epg,XLA,54,53,2,38,470,2367,20939,4848,30,212,xfl,ycj,INP
dygjyrvo,1880,1,FLP,BB,116,25,30,56,kbp,lqa,MXF,65,78,139,9,412,4866,19466,5327,42,392,pnt,yer,YME
dygjyrvo,1881,1,FLP,BB,47,98,78,41,zso,vpa,USG,101,86,14,59,27,1908,86849,1588,9,345,wcx,xnz,KJD
dygjyrvo,1882,1,FLP,BB,91,81,128,29,nss,scb,DJA,102,15,96,10,144,9494,83321,611,4,444,kei,qjx,XJX
dygjyrvo,1883,1,FLP,BB,32,108,67,40,fbw,mxc,JZG,123,62,145,24,110,11206,87652,2585,53,375,vkj,lbk,JLY
dygjyrvo,1884,1,FLP,BB,69,53,36,96,dck,tvu,KKC,115,30,150,33,253,3184,9751,3282,58,237,pds,nnu,NHY
kechbgzu,1933,1,SIW,OI,85,71,101,0,uza,xby,PJU,103,106,73,34,213,6654,83153,5574,10,134,fin,kyl,KUM
kechbgzu,1934,1,SIW,OI,86,90,8,38,jrj,ved,TBU,55,84,110,8,101,4093,72784,7032,27,251,lgh,hyg,YJS
anxqekvg,1990,1,EML,UC,86,16,106,40,aer,gdo,NHQ,82,57,76,6,20,384,38806,7543,21,389,qtq,dzu,ZKM
anxqekvg,1991,1,EML,UC,83,106,16,23,bek,eaw,WQV,111,17,108,53,287,5124,74392,9162,11,138,cxw,nqq,FSH
anxqekvg,1992,1,EML,UC,61,67,121,58,fiw,rvx,UKF,18,119,60,29,459,5832,78143,2737,13,202,ofa,erx,ZIB
oonnafog,1893,1,BIH,NS,63,46,9,53,wor,thf,YOA,73,9,79,29,500,9075,86424,4208,34,152,ksx,zmj,ALC
oonnafog,1894,1,BIH,NS,89,69,92,15,nmb,ujf,WEI,15,94,129,13,140,11112,79136,4746,32,234,ejq,avi,CBQ
oonnafog,1895,1,BIH,NS,9,48,92,67,iop,swk,KFM,17,118,73,36,388,11652,12359,2317,9,381,vne,yok,QSH
oonnafog,1896,1,BIH,NS,84,60,92,6,oyk,sev,LQR,55,93,45,57,117,198,12197,1926,49,2,iqo,avw,WXV
oonnafog,1897,1,BIH,NS,69,54,50,64,eax,iuh,KQI,125,17,145,19,458,10112,50580,4684,29,107,luh,uek,SVP
oonnafog,1898,1,BIH,NS,13,16,89,64,oxw,kuq,TVM,24,100,107,13,407,9754,43837,8825,17,346,qvm,ltp,GPZ
oonnafog,1899,1,BIH,NS,55,1,127,31,rfp,xaj,DUD,90,5,101,46,28,7184,3008,6784,5,99,ccw,flv,ODO
tvubiagq,1911,1,RHC,KM,16,83,58,73,dos,eqv,QEW,30,66,9,24,91,7200,29569,5170,16,468,hio,dvn,UQR
ksbdmdhb,1923,1,CPF,SI,29,43,73,51,odx,yeb,OON,26,72,89,19,492,4628,62707,5084,21,174,xmx,wbv,YTI
ksbdmdhb,1924,1,CPF,SI,19,68,21,72,zst,ovu,BDU,27,108,28,56,462,3253,61652,4547,32,111,gtg,zey,AZH
ksbdmdhb,1925,1,CPF,SI,48,88,69,12,jdc,qbs,GMS,120,51,80,8,481,10264,41074,2057,32,300,tew,eet,NIP
ksbdmdhb,1926,1,CPF,SI,29,102,28,7,eui,wqd,FRG,114,108,149,2,297,8506,8261,5088,47,114,dpc,pve,OVO
bfcyfasw,1982,1,GFK,LR,56,60,1,80,azb,mzv,BCW,105,98,113,43,396,11824,85723,6446,29,234,quw,vgf,XTB
bfcyfasw,1983,1,GFK,LR,66,54,1,19,wdw,jsz,OKZ,41,23,57,52,175,12325,18022,2589,11,296,voz,ztt,HCG
bfcyfasw,1984,1,GFK,LR,124,105,109,51,ugh,jgv,EZU,56,100,132,10,326,3087,25733,1452,10,55,srh,uvk,RTQ
bfcyfasw,1985,1,GFK,LR,71,38,60,23,xjo,fhs,VBC,54,81,113,24,168,8747,20357,804,33,288,lqd,qrq,FZJ
bfcyfasw,1986,1,GFK,LR,30,36,111,42,niq,wal,FBH,37,88,24,44,412,11441,77188,5348,44,491,cjn,kzy,YOS
bfcyfasw,1987,1,GFK,LR,62,42,136,53,ozk,ahs,NDD,22,101,63,17,68,2346,76915,653,42,266,czn,kja,DRF
bfcyfasw,1988,1,GFK,LR,125,34,92,34,sqh,dvu,NVQ,111,86,134,28,319,6698,59713,5288,24,456,wol,jjn,TMQ
ojuktxaz,1891,1,JUJ,GY,93,40,14,27,uxi,lpc,QMC,2,15,82,13,38,2521,24163,6947,53,36,ryr,qmv,QCN
ojuktxaz,1892,1,JUJ,GY,62,15,23,29,tbt,tpc,EJR,48,99,55,8,25,8064,506,824,20,315,bwm,wsb,PTL
lbvqrphw,1901,1,TLN,EH,101,101,99,73,wlm,bpp,XSE,99,87,26,6,103,6638,63012,6140,11,65,bxr,qjn,XEB
lbvqrphw,1902,1,TLN,EH,44,76,9,64,kbj,axj,WZZ,53,68,110,25,181,7278,66991,7532,35,239,wwo,iey,DBL
lbvqrphw,1903,1,TLN,EH,21,94,26,57,nbi,ggz,TBY,90,25,78,56,355,11222,14415,4732,11,374,cyu,tco,IIT
whjrwwjv,1908,1,XVF,EW,118,75,35,58,taf,xat,XMI,56,15,94,18,52,10604,42702,1192,2,444,bxu,ahr,UUP
whjrwwjv,1909,1,XVF,EW,83,114,27,41,wly,jqn,HTK,93,107,7,0,28,10273,71783,3334,13,184,vrt,ryk,PHM
whjrwwjv,1910,1,XVF,EW,76,57,23,109,lsq,qsz,FNH,119,2,51,7,481,5839,69977,3878,5,406,jyw,eqn,ISA
whjrwwjv,1911,1,XVF,EW,78,120,101,39,wku,ubk,MXK,100,29,23,6,11,12380,73786,7546,13,476,fkl,uqh,JCH
whjrwwjv,1912,1,XVF,EW,28,108,26,51,ihe,tpv,XNC,20,96,76,4,268,5026,17538,4680,21,459,byc,lbr,FOV
whjrwwjv,1913,1,XVF,EW,106,115,134,47,iix,ffg,QTD,3,103,125,45,16,3074,20150,3135,33,482,eqb,jmk,RHE
whjrwwjv,1914,1,XVF,EW,121,83,149,63,gbo,daj,AIH,2,96,29,14,93,1293,9303,5189,5,35,mhi,exi,IFS
whjrwwjv,1915,1,XVF,EW,18,18,7,68,kls,ysb,SBC,56,71,34,24,115,8799,62582,7679,26,126,lpj,asc,ZTM
whjrwwjv,1916,1,XVF,EW,50,15,19,0,mbs,yvw,XIO,115,38,101,34,157,12071,65489,6802,19,444,ajx,cgo,JOI
zekczptg,1985,1,XXH,DU,109,91,81,30,rqr,vbn,TUC,94,74,127,54,243,7757,73730,4691,41,490,jrm,eai,QOP
zekczptg,1986,1,XXH,DU,56,23,27,29,wwb,kpu,DRY,18,12,120,16,210,5298,69358,4847,13,360,sjx,xcp,UMC
wjevjmug,1958,1,JMX,CH,24,42,99,34,dlo,bjt,ERM,5,45,148,58,20,1704,71368,4356,39,171,hwy,eew,FRA
wjevjmug,1959,1,JMX,CH,85,49,121,99,nro,pdv,RMA,33,98,52,33,371,2204,2016,6244,53,326,cxs,ouz,CGK
wjevjmug,1960,1,JMX,CH,24,34,58,51,mbg,jtx,KPP,54,47,19,47,250,10103,9497,2782,26,166,cnp,ify,PZB
wjevjmug,1961,1,JMX,CH,10,44,105,57,eyy,qch,NQN,50,80,84,58,335,8310,37778,9428,25,58,qeq,nde,GBV
wjevjmug,1962,1,JMX,CH,45,27,108,6,ngr,vvh,VUV,101,94,113,60,20,1144,44032,9271,56,463,msa,eqt,IMG
wjevjmug,1963,1,JMX,CH,87,54,64,69,pzj,mgk,GOQ,42,96,8,28,164,2684,34123,1838,0,354,ofb,jzw,QWK
wjevjmug,1964,1,JMX,CH,120,16,86,14,cxu,cyi,XRH,102,85,70,5,65,2325,17453,634,8,171,xro,ikc,UAV
wjevjmug,1965,1,JMX,CH,67,101,59,19,joj,agp,WRX,44,108,150,13,277,1200,87812,224,21,222,ihu,ibr,OIR
wjevjmug,1966,1,JMX,CH,100,21,55,110,acm,swz,ITH,25,33,113,6,45,762,6268,1270,58,321,cug,ejz,QFL
huifllbl,1887,1,GUW,UP,20,73,15,9,hjv,zgw,QRU,113,29,4,12,283,11464,28814,6035,51,473,tua,plf,UOM
wgetjsqv,1937,1,GWD,SM,93,117,97,61,ggo,ndy,EPM,23,45,13,0,55,2906,41386,1193,36,454,qdr,quu,QXN
wgetjsqv,1938,1,GWD,SM,97,84,84,46,ixn,typ,XXP,60,36,50,27,480,8738,73998,6553,15,291,anu,xxf,YGS
wgetjsqv,1939,1,GWD,SM,41,82,118,85,dzg,guy,HQC,17,59,73,44,357,49,81627,3264,41,146,suc,enm,YBB
wgyfwafm,1989,1,QKL,ZE,65,44,134,86,dti,upn,WMJ,87,67,63,52,147,11856,72556,4323,43,74,kul,iux,XGL
wgyfwafm,1990,1,QKL,ZE,104,74,9,95,txc,xyb,VHE,111,25,6,38,422,10113,81962,5060,31,311,che,jir,ABE
wgyfwafm,1991,1,QKL,ZE,45,5,78,13,eod,emn,OZZ,116,114,146,14,266,1162,7885,436,2,153,vnt,wuy,XGG
wgyfwafm,1992,1,QKL,ZE,123,112,24,74,ocz,oha,VFG,68,98,150,53,318,6748,60058,7172,3,135,jqz,bot,XKN
wgyfwafm,1993,1,QKL,ZE,57,107,41,41,ccu,gzp,JFI,55,116,100,13,475,1922,30769,7882,2,351,njw,wbp,LMK
wgyfwafm,1994,1,QKL,ZE,71,75,16,0,nin,tio,FRZ,59,68,64,28,483,6367,21441,4054,53,130,uqd,zut,DSY
worfssxl,1947,1,UXY,EW,103,71,19,90,hml,vch,LIO,42,9,70,54,451,6537,57532,4921,15,121,lxx,clh,JHM
worfssxl,1948,1,UXY,EW,26,91,137,21,lsd,ypc,INJ,57,6,71,20,41,3485,53591,9711,39,43,rdf,leo,BMW
worfssxl,1949,1,UXY,EW,52,41,68,91,yti,kam,REW,90,90,65,37,389,12020,27934,6377,16,279,vdl,dys,RJH
worfssxl,1950,1,UXY,EW,75,13,115,45,ldd,fec,QNC,17,70,62,41,27,8382,58424,6775,27,175,qlp,uop,DQS
worfssxl,1951,1,UXY,EW,68,88,131,12,det,hba,VUS,3,69,97,39,479,1570,15966,645,50,110,rmt,vfs,YFI
worfssxl,1952,1,UXY,EW,102,45,60,80,fhm,jpb,DPU,10,89,34,54,211,3958,37960,4497,59,198,xuy,pxs,PFW
worfssxl,1953,1,UXY,EW,58,83,119,7,bhq,gpb,SQC,53,83,70,22,206,5706,57917,2840,14,395,myb,tfz,RFZ
eampeqnk,1911,1,JRS,AT,35,93,118,61,cae,jrv,BFY,52,82,135,42,392,10978,76103,1976,34,61,eeq,avz,LBY
eampeqnk,1912,1,JRS,AT,81,50,139,56,sgs,piy,WGD,27,52,115,40,297,5096,46202,6928,13,303,csq,ilz,NNN
eampeqnk,1913,1,JRS,AT,53,95,22,60,fit,sse,GEU,18,98,111,51,351,4867,41798,5180,16,274,pma,ret,FTW
eampeqnk,1914,1,JRS,AT,0,106,30,51,zgk,cik,AMS,2,108,59,30,10,7974,4037,1378,20,325,nqb,tlb,OKZ
eampeqnk,1915,1,JRS,AT,60,16,121,58,aoc,atw,TLB,96,47,128,40,12,2139,14903,5669,10,28,kaa,lix,DXU
eampeqnk,1916,1,JRS,AT,121,97,136,46,uhi,rrn,CIT,113,78,109,56,447,4766,66073,2062,48,406,xzj,qgz,EKU
eampeqnk,1917,1,JRS,AT,21,62,143,17,snk,chk,PSD,97,76,139,44,479,1664,47745,8956,1,252,wml,ngr,XVK
eampeqnk,1918,1,JRS,AT,42,75,83,68,bsz,xha,MAC,124,94,73,25,265,12411,62724,5386,37,478,xaw,mgg,TSJ
eampeqnk,1919,1,JRS,AT,95,38,148,54,rkz,qvg,GJS,83,65,24,52,135,1587,32494,8414,0,261,zdv,ggp,RUJ
nzesandk,1940,1,JTM,YI,110,89,143,66,pgv,vch,YEV,54,27,122,55,289,11359,28944,7904,8,167,hjm,qyw,PEG
nzesandk,1941,1,JTM,YI,106,86,79,2,iys,eai,YUE,119,48,93,6,423,996,50689,2079,13,236,vrq,hwz,AXB
nzesandk,1942,1,JTM,YI,78,49,23,19,jzm,lmv,HIM,3,101,98,53,73,6054,83454,7048,21,178,mdu,kwb,JDZ
nzesandk,1943,1,JTM,YI,101,15,102,3,yxu,ttb,MNJ,96,42,142,4,469,7116,77607,6613,41,357,iub,ays,SSE
nzesandk,1944,1,JTM,YI,5,61,19,41,pbc,fdg,JQE,40,25,124,31,286,3479,39882,1046,38,453,zak,anv,YBI
nzesandk,1945,1,JTM,YI,74,52,138,126,hwq,ney,AEV,64,66,53,40,201,3009,5950,5661,34,457,pzc,xrl,YQG
nzesandk,1946,1,JTM,YI,88,96,59,27,iry,rtu,AWC,121,42,114,9,134,625,70589,3479,31,286,kww,gug,ACM
ffxpysbp,1941,1,JRY,OT,89,29,83,4,kye,dgl,SFV,20,52,84,44,230,7733,70770,8528,28,214,gmt,fjd,NAS
ffxpysbp,1942,1,JRY,OT,36,41,93,80,jxf,gwu,MAS,49,50,86,13,55,1199,87662,9560,18,47,zdk,nzl,AVZ
ffxpysbp,1943,1,JRY,OT,88,71,20,79,ifc,tlc,RHY,105,34,48,25,177,7219,82995,5426,4,272,mzr,zkm,IHJ
ffxpysbp,1944,1,JRY,OT,20,23,149,38,ipy,zgm,WNM,67,91,67,52,328,5460,27262,6233,55,160,gto,auy,LDH
ffxpysbp,1945,1,JRY,OT,41,45,110,20,qwz,wxi,SIR,43,61,40,17,141,4973,24928,2380,14,278,vwe,ptn,TGW
ffxpysbp,1946,1,JRY,OT,120,10,68,99,fhx,vbe,YVN,6,61,69,53,265,3981,11191,2971,52,492,qhe,xdh,DUN
ffxpysbp,1947,1,JRY,OT,98,104,41,13,pkd,fcg,SUL,118,102,56,34,145,6890,16543,8403,22,66,vyn,oun,NSF
ffxpysbp,1948,1,JRY,OT,84,98,51,31,tmy,vnb,TMU,2,109,117,1,93,4289,2505,2457,22,273,koo,jrc,XYY
ffxpysbp,1949,1,JRY,OT,38,38,115,73,ynk,tkw,ARX,46,102,93,33,132,4537,37792,8073,55,457,ahf,wum,NHW
ffxpysbp,1950,1,JRY,OT,25,101,95,40,jhn,ydi,KZS,121,103,94,50,220,10636,79713,7610,33,251,amn,uhr,NQK
yknrkids,1886,1,ZTZ,FQ,93,110,104,19,wbj,bue,FMN,105,117,9,51,134,7595,38601,2782,57,272,rqd,smy,OWO
yknrkids,1887,1,ZTZ,FQ,68,118,31,15,zhp,wbt,DCP,109,87,83,51,152,4280,82255,3248,12,362,rys,ilf,KWJ
yknrkids,1888,1,ZTZ,FQ,5,53,61,8,vbf,hka,HPB,57,59,71,24,257,7572,26897,2584,57,190,jzd,lpn,JYC
yknrkids,1889,1,ZTZ,FQ,95,115,123,49,yaj,gmd,JVP,57,49,40,48,11,1711,76665,1701,32,29,fmd,nqv,JOI
yknrkids,1890,1,ZTZ,FQ,117,54,134,30,kfa,mcd,CUW,117,59,87,55,375,12249,59279,160,51,489,gmf,lsw,MGA
yknrkids,1891,1,ZTZ,FQ,100,63,7,30,kpx,uro,ANK,72,104,141,50,334,3237,51436,735,13,83,ijq,czh,CFW
yknrkids,1892,1,ZTZ,FQ,90,85,84,87,cqu,vpd,LMW,41,44,85,41,34,2172,71794,5800,35,299,awx,nqf,GLN
yknrkids,1893,1,ZTZ,FQ,63,70,103,100,wwb,xhh,JIZ,110,43,140,29,481,6300,1715,7967,18,417,aqw,kqk,HXJ
yknrkids,1894,1,ZTZ,FQ,19,8,0,76,okx,gzq,WYW,9,41,133,31,30,9396,15437,8178,51,471,tkj,eoe,ATW
yenyoywp,1943,1,YJT,HJ,71,113,24,8,bdh,mer,IFZ,26,38,138,19,200,11823,10128,6591,25,14,miy,tgb,YKX
ifbokohn,1940,1,NJD,CL,6,62,102,5,gka,djq,RUN,13,117,146,4,302,7993,45233,2963,6,106,bex,tfl,ZJG
ifbokohn,1941,1,NJD,CL,54,0,25,23,jex,pvr,TAU,58,113,127,22,167,3429,30332,9594,17,149,zma,jca,YXF
ifbokohn,1942,1,NJD,CL,57,116,79,47,dlx,fsx,HXY,122,38,99,51,211,5876,12489,4062,55,193,ojv,hdj,WDX
ifbokohn,1943,1,NJD,CL,1,49,67,52,gpk,rjl,FIX,3,39,92,57,493,2164,88449,287,16,40,jcg,tjk,NCO
ifbokohn,1944,1,NJD,CL,0,120,119,42,mtg,jsr,SKO,122,16,149,41,107,1888,86278,8151,48,137,sjj,yhm,HKF
kuhopnmj,1950,1,TLE,BI,112,98,142,14,kts,fwj,WUX,90,37,108,42,257,1337,33043,1664,58,244,gvx,qys,CCK
luuohxsb,1956,1,MPD,HX,28,93,19,61,fal,xbr,IOK,10,120,128,32,68,5738,11226,303,2,130,flt,atn,WMR
luuohxsb,1957,1,MPD,HX,29,8,41,62,iqt,zal,OYN,63,48,146,28,489,4675,81582,8961,26,418,tmh,zvc,OVT
luuohxsb,1958,1,MPD,HX,101,81,47,74,hcy,czn,ARJ,24,7,37,30,187,12394,37902,9757,19,203,zcf,opx,JPU
ywwheqbz,1992,1,ZQM,NP,44,86,21,39,ftj,zwq,BUO,77,25,74,13,292,9295,46095,6062,50,389,lmp,pyn,ZOU
ywwheqbz,1993,1,ZQM,NP,34,81,3,6,pdw,bho,CCI,44,88,78,36,480,3884,37301,9799,59,485,lcx,qns,DHS
ywwheqbz,1994,1,ZQM,NP,30,53,120,42,sci,abb,UKV,110,68,147,13,72,9316,44365,7500,52,52,irh,vem,RLF
ywwheqbz,1995,1,ZQM,NP,83,2,117,45,poj,nhq,HXV,53,19,145,20,84,3814,72698,7602,45,79,jbv,oep,GHZ
ywwheqbz,1996,1,ZQM,NP,100,6,88,34,yyb,hob,NHD,20,100,146,53,354,12526,8912,7554,60,361,pxp,kue,MWY
ywwheqbz,1997,1,ZQM,NP,76,109,104,12,tka,fkv,MGF,18,23,24,21,65,5209,30502,7593,45,321,nhg,avn,XZS
ywwheqbz,1998,1,ZQM,NP,114,102,92,56,qfl,qnq,UFX,63,116,70,34,406,2248,46871,6112,16,492,hdx,fdw,HYJ
ywwheqbz,1999,1,ZQM,NP,45,4,0,10,tbl,dfa,SYL,34,13,31,46,213,4519,5107,5343,38,60,ukx,qmi,LBF
ywwheqbz,2000,1,ZQM,NP,102,7,136,2,jox,keg,NCU,84,7,40,54,300,2626,88141,9487,28,289,yun,hiu,BZF
